{"stats":{"minecraft:dropped":{"alexsmobs:animal_dictionary":1,"pfm:furniture_book":1,"mca:book_romance":1},"minecraft:picked_up":{"minecraft:hay_block":13,"minecraft:bone":3},"minecraft:used":{"alexsmobs:animal_dictionary":2,"minecraft:hay_block":1},"minecraft:custom":{"minecraft:jump":122,"minecraft:time_since_rest":5186,"minecraft:damage_taken":30,"minecraft:sprint_one_cm":24549,"minecraft:play_time":5186,"minecraft:time_since_death":5186,"minecraft:walk_one_cm":3940,"minecraft:total_world_time":5186,"minecraft:drop":3,"minecraft:fall_one_cm":5310,"minecraft:fly_one_cm":27912,"minecraft:open_chest":2},"minecraft:mined":{"minecraft:hay_block":13,"minecraft:oak_leaves":1}},"DataVersion":3465}