{"stats":{"minecraft:custom":{"minecraft:mob_kills":48,"minecraft:interact_with_crafting_table":6,"minecraft:open_barrel":15,"minecraft:bell_ring":5,"minecraft:eat_cake_slice":1,"minecraft:leave_game":1,"minecraft:time_since_death":6184,"minecraft:climb_one_cm":6083,"minecraft:sprint_one_cm":651527,"minecraft:walk_one_cm":92740,"minecraft:damage_blocked_by_shield":920,"minecraft:drop":36,"minecraft:play_time":120274,"minecraft:deaths":8,"minecraft:sneak_time":81,"minecraft:walk_under_water_one_cm":13315,"minecraft:jump":2556,"minecraft:walk_on_water_one_cm":27173,"minecraft:total_world_time":120274,"minecraft:interact_with_loom":1,"minecraft:sleep_in_bed":2,"minecraft:time_since_rest":5863,"minecraft:damage_taken":7038,"minecraft:damage_absorbed":250,"minecraft:damage_dealt":8744,"minecraft:swim_one_cm":40664,"minecraft:fly_one_cm":444805,"minecraft:open_chest":116,"minecraft:crouch_one_cm":26,"tombstone:undead_killed":32,"minecraft:fall_one_cm":62606},"minecraft:crafted":{"croptopia:flour":30,"minecraft:wheat":387,"minecraft:crafting_table":1,"minecraft:acacia_boat":1,"minecraft:bread":109,"minecraft:stick":8,"minecraft:acacia_planks":24},"minecraft:mined":{"minecraft:cut_sandstone_slab":1,"minecraft:mossy_cobblestone":4,"minecraft:deepslate_diamond_ore":3,"minecraft:cobblestone_stairs":1,"biomesoplenty:desert_grass":2,"minecraft:dark_oak_log":3,"minecraft:granite":14,"biomesoplenty:bush":1,"minecraft:acacia_log":45,"minecraft:grass_block":2,"biomesoplenty:orange_sandstone":1,"biomesoplenty:tundra_shrub":3,"minecraft:sandstone":4,"biomesoplenty:dune_grass":4,"minecraft:spawner":19,"minecraft:hay_block":43,"minecraft:red_sandstone":4,"minecraft:iron_ore":29,"minecraft:chiseled_sandstone":5,"minecraft:andesite":7,"dynamictrees:spruce_leaves":1,"minecraft:nether_brick_stairs":6,"minecraft:mossy_stone_brick_stairs":1,"minecraft:vine":5,"minecraft:iron_bars":19,"minecraft:smooth_sandstone_stairs":1,"minecraft:stone":66,"minecraft:bone_block":55,"minecraft:cut_sandstone":11,"minecraft:soul_sand":1,"biomesoplenty:orange_sand":1,"biomesoplenty:wildflower":1,"minecraft:smooth_sandstone":1,"minecraft:crafting_table":3,"minecraft:torch":5,"minecraft:cobblestone":1,"biomesoplenty:sprout":2,"minecraft:diorite":16,"minecraft:smooth_sandstone_slab":1,"minecraft:wall_torch":8,"minecraft:purple_bed":1,"minecraft:mud":1,"minecraft:gravel":1,"minecraft:dirt":4,"minecraft:cobweb":1,"minecraft:smooth_basalt":2,"minecraft:acacia_planks":2,"minecraft:stone_bricks":8,"minecraft:cut_red_sandstone":1,"minecraft:netherrack":1,"minecraft:mossy_stone_bricks":7,"minecraft:oak_leaves":2,"minecraft:deepslate":2,"minecraft:fern":2},"minecraft:dropped":{"minecraft:cooked_beef":1,"minecraft:glass_bottle":2,"minecraft:mossy_stone_brick_stairs":1,"minecraft:stick":1,"minecraft:diorite":2,"minecraft:rotten_flesh":28,"minecraft:poppy":23,"minecraft:bundle":2,"minecraft:iron_chestplate":2,"minecraft:iron_bars":1},"minecraft:picked_up":{"minecraft:mud":1,"minecraft:iron_chestplate":5,"minecraft:crafting_table":3,"minecraft:string":8,"minecraft:iron_leggings":1,"minecraft:iron_shovel":1,"minecraft:red_sand":1,"minecraft:cobbled_deepslate":4,"minecraft:beef":4,"minecraft:poppy":23,"minecraft:iron_pickaxe":2,"biomesoplenty:wildflower":1,"minecraft:tipped_arrow":1,"minecraft:raw_iron":29,"minecraft:stick":3,"minecraft:sandstone":4,"minecraft:torch":14,"minecraft:acacia_log":45,"minecraft:porkchop":10,"tombstone:grave_dust":11,"minecraft:diorite":16,"minecraft:smooth_sandstone_slab":1,"minecraft:arrow":36,"minecraft:rotten_flesh":51,"biomesoplenty:orange_sandstone":1,"minecraft:hay_block":43,"minecraft:iron_bars":20,"minecraft:cobblestone":67,"minecraft:bone_block":55,"biomesoplenty:orange_sand":1,"minecraft:cooked_beef":1,"minecraft:glow_ink_sac":3,"minecraft:andesite":7,"minecraft:leather":3,"minecraft:cut_sandstone":11,"alexsmobs:acacia_blossom":1,"minecraft:potato":1,"paraglider:spirit_orb":36,"minecraft:smooth_sandstone_stairs":1,"minecraft:golden_boots":1,"minecraft:cobblestone_stairs":1,"mca:book_romance":1,"minecraft:cut_sandstone_slab":1,"minecraft:dirt":6,"minecraft:smooth_sandstone":1,"minecraft:bone":32,"minecraft:acacia_planks":2,"minecraft:stone_bricks":8,"minecraft:red_sandstone":5,"minecraft:wheat_seeds":1,"untamedwilds:hide_tan":2,"minecraft:mossy_stone_bricks":7,"minecraft:glass_bottle":1,"minecraft:acacia_sapling":3,"minecraft:mossy_stone_brick_stairs":1,"minecraft:smooth_basalt":2,"minecraft:nether_brick_stairs":4,"minecraft:dark_oak_log":3,"minecraft:chiseled_sandstone":5,"minecraft:mossy_cobblestone":4,"minecraft:bundle":3,"minecraft:purple_bed":1,"minecraft:diamond":3,"minecraft:granite":14,"minecraft:chiseled_red_sandstone":1,"tombstone:magic_scroll":1},"minecraft:used":{"minecraft:stone_sword":100,"minecraft:shield":31,"minecraft:iron_sword":374,"minecraft:torch":33,"minecraft:chiseled_red_sandstone":1,"minecraft:dirt":5,"minecraft:granite":13,"minecraft:smooth_sandstone":1,"minecraft:stone_bricks":7,"minecraft:golden_sword":4,"minecraft:cooked_beef":43,"minecraft:acacia_planks":2,"tombstone:scroll_of_knowledge":1,"minecraft:acacia_boat":1,"minecraft:mossy_stone_bricks":6,"minecraft:diorite":14,"minecraft:baked_potato":4,"minecraft:stone_pickaxe":16,"minecraft:sandstone":2,"minecraft:cut_sandstone":5,"minecraft:golden_apple":9,"minecraft:mossy_cobblestone":4,"minecraft:crafting_table":3,"minecraft:red_sandstone":5,"minecraft:apple":2,"minecraft:chiseled_sandstone":5,"minecraft:dark_oak_log":3,"minecraft:bread":4,"tombstone:tablet_of_assistance":1,"minecraft:iron_pickaxe":290,"tombstone:grave_key":6,"minecraft:stone_axe":60,"minecraft:cobblestone":62,"minecraft:potion":4,"minecraft:purple_bed":1,"minecraft:porkchop":2,"minecraft:andesite":7,"minecraft:experience_bottle":4},"minecraft:killed":{"minecraft:cave_spider":2,"minecraft:spider":5,"minecraft:skeleton":7,"minecraft:husk":3,"minecraft:pig":4,"minecraft:zombie":20,"minecraft:stray":1,"minecraft:wither_skeleton":1,"minecraft:cow":3},"minecraft:broken":{"minecraft:golden_helmet":1,"minecraft:iron_boots":1,"minecraft:iron_leggings":1}},"DataVersion":3465}