{"stats":{"minecraft:custom":{"minecraft:mob_kills":65,"minecraft:interact_with_crafting_table":6,"minecraft:open_barrel":19,"minecraft:bell_ring":5,"minecraft:damage_dealt_resisted":49,"minecraft:eat_cake_slice":1,"minecraft:leave_game":1,"minecraft:time_since_death":3752,"minecraft:climb_one_cm":6567,"minecraft:sprint_one_cm":757383,"minecraft:walk_one_cm":114910,"minecraft:damage_blocked_by_shield":1065,"minecraft:drop":39,"minecraft:play_time":144274,"minecraft:deaths":12,"minecraft:sneak_time":93,"minecraft:walk_under_water_one_cm":13315,"minecraft:jump":3165,"minecraft:walk_on_water_one_cm":30614,"minecraft:total_world_time":144274,"minecraft:interact_with_loom":1,"minecraft:sleep_in_bed":3,"minecraft:time_since_rest":3550,"minecraft:damage_taken":8878,"minecraft:damage_absorbed":250,"minecraft:damage_dealt":10776,"minecraft:swim_one_cm":40664,"minecraft:fly_one_cm":584142,"minecraft:open_chest":134,"minecraft:crouch_one_cm":26,"tombstone:undead_killed":40,"minecraft:fall_one_cm":74266},"minecraft:crafted":{"croptopia:flour":30,"minecraft:wheat":387,"minecraft:crafting_table":1,"minecraft:acacia_boat":1,"minecraft:bread":109,"minecraft:stick":8,"minecraft:acacia_planks":52},"minecraft:killed_by":{"orcz:orcsavage_2sword":1},"minecraft:mined":{"minecraft:cut_sandstone_slab":1,"minecraft:mossy_cobblestone":4,"minecraft:deepslate_diamond_ore":3,"minecraft:cobblestone_stairs":1,"biomesoplenty:desert_grass":2,"minecraft:dark_oak_log":3,"minecraft:nether_bricks":2,"minecraft:granite":14,"biomesoplenty:bush":1,"minecraft:acacia_log":46,"minecraft:grass_block":2,"biomesoplenty:orange_sandstone":1,"biomesoplenty:tundra_shrub":3,"minecraft:sandstone":4,"biomesoplenty:dune_grass":4,"minecraft:spawner":20,"minecraft:hay_block":43,"minecraft:red_sandstone":4,"minecraft:iron_ore":29,"minecraft:chiseled_sandstone":5,"minecraft:andesite":7,"dynamictrees:spruce_leaves":1,"minecraft:nether_brick_stairs":6,"minecraft:mossy_stone_brick_stairs":1,"minecraft:vine":5,"minecraft:iron_bars":19,"minecraft:smooth_sandstone_stairs":1,"minecraft:stone":67,"minecraft:bone_block":55,"minecraft:cut_sandstone":11,"minecraft:soul_sand":1,"biomesoplenty:orange_sand":1,"biomesoplenty:wildflower":1,"minecraft:powder_snow":52,"minecraft:soul_lantern":1,"minecraft:smooth_sandstone":1,"minecraft:crafting_table":3,"minecraft:torch":5,"minecraft:cobblestone":1,"biomesoplenty:sprout":2,"minecraft:diorite":16,"minecraft:smooth_sandstone_slab":1,"minecraft:wall_torch":8,"minecraft:purple_bed":1,"minecraft:stripped_spruce_wood":2,"minecraft:mud":1,"minecraft:sand":1,"minecraft:gravel":2,"minecraft:dirt":4,"minecraft:cobweb":1,"minecraft:smooth_basalt":2,"minecraft:acacia_planks":2,"minecraft:stone_bricks":8,"minecraft:cut_red_sandstone":1,"minecraft:netherrack":1,"minecraft:mossy_stone_bricks":7,"minecraft:oak_leaves":2,"minecraft:deepslate":2,"minecraft:fern":3},"minecraft:dropped":{"minecraft:cooked_beef":1,"minecraft:glass_bottle":2,"minecraft:mossy_stone_brick_stairs":1,"minecraft:stick":1,"minecraft:diorite":2,"minecraft:string":2,"minecraft:rotten_flesh":28,"minecraft:poppy":23,"minecraft:bundle":2,"minecraft:iron_chestplate":2,"minecraft:ladder":1,"minecraft:iron_bars":1},"minecraft:picked_up":{"minecraft:birch_door":1,"minecraft:mud":1,"minecraft:iron_chestplate":5,"minecraft:crafting_table":3,"minecraft:ladder":3,"minecraft:flower_pot":1,"minecraft:cornflower":1,"minecraft:string":10,"minecraft:dark_oak_trapdoor":3,"minecraft:iron_leggings":1,"minecraft:iron_shovel":1,"minecraft:cyan_carpet":2,"minecraft:red_sand":1,"minecraft:cobbled_deepslate":4,"minecraft:beef":4,"minecraft:calcite":5,"minecraft:poppy":23,"minecraft:iron_pickaxe":2,"minecraft:spruce_slab":1,"minecraft:sugar_cane":5,"biomesoplenty:wildflower":1,"minecraft:tipped_arrow":1,"minecraft:raw_iron":29,"minecraft:stick":3,"minecraft:sandstone":4,"minecraft:stripped_mangrove_wood":1,"minecraft:birch_trapdoor":2,"minecraft:torch":14,"minecraft:acacia_log":53,"minecraft:spruce_fence":1,"minecraft:porkchop":12,"orcz:squigs_claws":2,"minecraft:mangrove_sign":1,"tombstone:grave_dust":11,"minecraft:diorite":16,"minecraft:redstone":4,"minecraft:dark_oak_planks":4,"minecraft:smooth_sandstone_slab":1,"minecraft:arrow":41,"minecraft:rotten_flesh":56,"minecraft:nether_bricks":3,"biomesoplenty:orange_sandstone":1,"aquaculture:brown_trout":1,"orcz:orcshroom":5,"minecraft:hay_block":43,"minecraft:iron_bars":20,"minecraft:cobblestone":68,"minecraft:bone_block":55,"biomesoplenty:orange_sand":1,"minecraft:cooked_beef":1,"orcz:orcteeth":27,"minecraft:glow_ink_sac":3,"minecraft:andesite":7,"minecraft:leather":3,"minecraft:cut_sandstone":11,"alexsmobs:acacia_blossom":1,"minecraft:potato":1,"paraglider:spirit_orb":38,"minecraft:stripped_spruce_wood":2,"minecraft:smooth_sandstone_stairs":1,"minecraft:golden_boots":1,"minecraft:cobblestone_stairs":1,"mca:book_romance":1,"minecraft:cut_sandstone_slab":1,"minecraft:dirt":6,"minecraft:name_tag":1,"minecraft:mangrove_fence":1,"minecraft:smooth_sandstone":1,"minecraft:bone":37,"minecraft:acacia_planks":2,"minecraft:gray_carpet":2,"minecraft:stone_bricks":8,"minecraft:red_sandstone":5,"minecraft:wheat_seeds":1,"minecraft:dark_oak_sign":2,"untamedwilds:hide_tan":2,"minecraft:mossy_stone_bricks":7,"minecraft:glass_bottle":1,"minecraft:flowering_azalea":1,"minecraft:acacia_sapling":3,"minecraft:mossy_stone_brick_stairs":1,"minecraft:dark_oak_stairs":5,"minecraft:book":10,"minecraft:smooth_basalt":2,"minecraft:gravel":3,"orcz:blue_orcshroom":1,"minecraft:sand":16,"minecraft:nether_brick_stairs":4,"minecraft:diamond_block":1,"minecraft:dark_oak_log":3,"minecraft:chiseled_sandstone":5,"minecraft:mossy_cobblestone":4,"minecraft:bundle":4,"minecraft:purple_bed":1,"minecraft:diamond":3,"minecraft:soul_lantern":1,"minecraft:painting":2,"minecraft:granite":14,"alexsmobs:maggot":4,"minecraft:spruce_sign":1,"orcz:ironscrap":6,"minecraft:chiseled_red_sandstone":1,"tombstone:magic_scroll":1,"minecraft:melon_seeds":2,"minecraft:coal":5},"minecraft:used":{"minecraft:stone_sword":100,"minecraft:acacia_log":33,"minecraft:shield":36,"minecraft:iron_sword":446,"minecraft:torch":33,"minecraft:chiseled_red_sandstone":1,"minecraft:dirt":5,"orcz:orcshroom":5,"minecraft:granite":13,"alexsmobs:maggot":4,"minecraft:smooth_sandstone":1,"minecraft:stone_bricks":7,"minecraft:golden_sword":4,"minecraft:bow":39,"minecraft:cooked_beef":47,"minecraft:acacia_planks":32,"minecraft:calcite":5,"tombstone:scroll_of_knowledge":1,"minecraft:acacia_boat":1,"minecraft:mossy_stone_bricks":6,"minecraft:diorite":14,"minecraft:baked_potato":4,"minecraft:stone_pickaxe":16,"minecraft:sandstone":2,"minecraft:cut_sandstone":5,"minecraft:golden_apple":9,"minecraft:mossy_cobblestone":4,"minecraft:sand":13,"minecraft:crafting_table":3,"minecraft:mushroom_stew":3,"minecraft:red_sandstone":5,"minecraft:apple":2,"minecraft:chiseled_sandstone":5,"minecraft:dark_oak_log":3,"minecraft:bread":7,"tombstone:tablet_of_assistance":1,"minecraft:iron_pickaxe":305,"minecraft:gravel":3,"tombstone:grave_key":10,"minecraft:stone_axe":63,"minecraft:cobblestone":62,"minecraft:potion":4,"minecraft:purple_bed":1,"minecraft:porkchop":2,"minecraft:andesite":7,"minecraft:experience_bottle":4},"minecraft:killed":{"minecraft:cave_spider":2,"minecraft:spider":7,"minecraft:skeleton":13,"orcz:goblinsavagebomb":1,"orcz:orcsavagemace":1,"minecraft:husk":3,"minecraft:pig":5,"minecraft:zombie":21,"orcz:bigorcboss":1,"minecraft:stray":2,"orcz:orcsavage_2sword":2,"minecraft:wither_skeleton":1,"orcz:orcshield":1,"minecraft:cow":3},"minecraft:broken":{"minecraft:golden_helmet":1,"minecraft:iron_boots":1,"minecraft:iron_leggings":1}},"DataVersion":3465}