{"stats":{"minecraft:used":{"minecraft:stone_sword":100,"minecraft:acacia_log":33,"minecraft:light_gray_carpet":2,"minecraft:spruce_planks":40,"minecraft:shield":50,"minecraft:iron_sword":537,"minecraft:torch":33,"minecraft:chiseled_red_sandstone":1,"minecraft:dirt":16,"orcz:orcshroom":5,"minecraft:nether_bricks":3,"minecraft:azure_bluet":3,"minecraft:granite":13,"minecraft:obsidian":2,"minecraft:dark_oak_planks":1,"alexsmobs:maggot":4,"minecraft:spruce_wood":1,"minecraft:smooth_sandstone":4,"minecraft:iron_helmet":1,"minecraft:stone_bricks":7,"minecraft:golden_sword":4,"minecraft:bow":55,"minecraft:oak_sapling":1,"minecraft:cooked_beef":47,"minecraft:cobbled_deepslate":37,"minecraft:acacia_planks":37,"minecraft:calcite":5,"tombstone:scroll_of_knowledge":1,"minecraft:acacia_boat":1,"minecraft:mossy_stone_bricks":6,"minecraft:diorite":14,"minecraft:baked_potato":4,"minecraft:stone_pickaxe":16,"minecraft:ender_pearl":2,"minecraft:smooth_sandstone_slab":1,"minecraft:cut_sandstone":5,"minecraft:sandstone":2,"tombstone:tablet_of_guard":5,"minecraft:cracked_stone_bricks":1,"minecraft:white_wool":1,"minecraft:golden_apple":11,"minecraft:mossy_cobblestone":4,"minecraft:sand":22,"minecraft:crafting_table":4,"minecraft:mushroom_stew":5,"minecraft:crossbow":1,"minecraft:spruce_log":4,"minecraft:black_terracotta":4,"minecraft:gray_terracotta":6,"minecraft:dark_prismarine":4,"minecraft:red_sandstone":5,"minecraft:apple":2,"minecraft:chiseled_sandstone":5,"minecraft:dark_oak_log":3,"tombstone:tablet_of_assistance":1,"minecraft:bread":61,"minecraft:iron_pickaxe":429,"tombstone:magic_scroll":1,"tombstone:grave_key":12,"minecraft:gravel":5,"minecraft:spruce_sapling":14,"minecraft:stone_axe":104,"minecraft:diamond_sword":5,"minecraft:potion":4,"minecraft:cobblestone":72,"minecraft:purple_bed":6,"minecraft:porkchop":2,"minecraft:andesite":7,"minecraft:experience_bottle":4},"minecraft:custom":{"minecraft:mob_kills":78,"minecraft:interact_with_crafting_table":24,"minecraft:open_barrel":25,"goblintraders:trade_with_goblin":29,"minecraft:bell_ring":5,"minecraft:damage_dealt_resisted":49,"minecraft:eat_cake_slice":1,"minecraft:leave_game":3,"minecraft:time_since_death":23340,"minecraft:climb_one_cm":13524,"minecraft:sprint_one_cm":1226614,"minecraft:walk_one_cm":178399,"minecraft:damage_blocked_by_shield":1580,"minecraft:drop":93,"minecraft:play_time":251805,"minecraft:deaths":24,"minecraft:sneak_time":1330,"minecraft:walk_under_water_one_cm":16080,"minecraft:jump":5812,"minecraft:walk_on_water_one_cm":78987,"minecraft:total_world_time":251805,"minecraft:interact_with_furnace":4,"tombstone:raider_killed":1,"minecraft:interact_with_loom":1,"minecraft:sleep_in_bed":6,"minecraft:time_since_rest":23079,"minecraft:damage_taken":14551,"minecraft:damage_absorbed":330,"minecraft:damage_dealt":13944,"minecraft:swim_one_cm":126433,"minecraft:fly_one_cm":1187058,"minecraft:open_chest":221,"minecraft:crouch_one_cm":1657,"tombstone:undead_killed":47,"minecraft:fall_one_cm":125842},"minecraft:crafted":{"minecraft:diamond":9,"croptopia:flour":30,"sophisticatedbackpacks:iron_backpack":2,"minecraft:wheat":387,"minecraft:cooked_cod":3,"sophisticatedbackpacks:backpack":1,"minecraft:crafting_table":1,"minecraft:spruce_planks":40,"sophisticatedbackpacks:gold_backpack":2,"minecraft:acacia_boat":1,"minecraft:bread":109,"sophisticatedbackpacks:diamond_backpack":2,"minecraft:stick":8,"minecraft:iron_ingot":58,"minecraft:acacia_planks":88},"minecraft:killed":{"minecraft:cave_spider":2,"minecraft:spider":9,"minecraft:skeleton":16,"orcz:goblinsavagebomb":1,"orcz:orcsavagemace":1,"minecraft:husk":3,"minecraft:pig":5,"hunters_return:hunter":1,"mutantmonsters:creeper_minion":1,"minecraft:zombie":25,"minecraft:stray":2,"orcz:bigorcboss":1,"orcz:orcsavage_2sword":2,"minecraft:wither_skeleton":1,"orcz:orcshield":1,"minecraft:cow":3},"minecraft:dropped":{"minecraft:bread":48,"minecraft:cooked_beef":1,"minecraft:glass_bottle":2,"minecraft:mossy_stone_brick_stairs":1,"minecraft:tropical_fish":1,"minecraft:stick":1,"minecraft:flint":1,"orcz:orceye":1,"minecraft:diorite":2,"minecraft:string":2,"minecraft:bowl":1,"minecraft:rotten_flesh":28,"minecraft:filled_map":1,"minecraft:poppy":23,"minecraft:bundle":3,"minecraft:iron_chestplate":2,"minecraft:ladder":1,"minecraft:iron_bars":1},"minecraft:broken":{"minecraft:golden_helmet":1,"minecraft:iron_boots":1,"minecraft:iron_leggings":1,"minecraft:iron_sword":1},"minecraft:killed_by":{"orcz:orcsavage_2sword":1},"minecraft:picked_up":{"minecraft:birch_door":1,"minecraft:mud":1,"minecraft:iron_chestplate":5,"minecraft:crafting_table":3,"minecraft:allium":1,"minecraft:azure_bluet":3,"minecraft:chicken":1,"minecraft:ladder":3,"minecraft:flower_pot":1,"minecraft:brown_mushroom":1,"minecraft:cornflower":1,"minecraft:string":50,"minecraft:dark_oak_trapdoor":3,"minecraft:smooth_stone_slab":1,"minecraft:iron_leggings":1,"minecraft:iron_shovel":1,"minecraft:cyan_carpet":2,"minecraft:cracked_stone_bricks":1,"minecraft:red_sand":1,"minecraft:cobbled_deepslate":44,"minecraft:beef":9,"minecraft:calcite":5,"minecraft:chest":1,"minecraft:poppy":23,"minecraft:iron_pickaxe":2,"minecraft:spruce_slab":1,"biomesoplenty:wildflower":1,"minecraft:sugar_cane":7,"minecraft:tipped_arrow":1,"minecraft:stick":13,"minecraft:raw_iron":31,"minecraft:sandstone":4,"minecraft:stripped_mangrove_wood":1,"minecraft:birch_trapdoor":2,"minecraft:torch":14,"minecraft:bowl":1,"minecraft:acacia_log":53,"minecraft:spruce_stairs":10,"minecraft:spruce_fence":1,"minecraft:porkchop":14,"minecraft:diorite":16,"orcz:squigs_claws":2,"tombstone:grave_dust":11,"minecraft:mangrove_sign":1,"minecraft:redstone":4,"minecraft:dark_oak_planks":6,"minecraft:smooth_sandstone_slab":2,"minecraft:arrow":54,"minecraft:rotten_flesh":65,"minecraft:tropical_fish":2,"minecraft:nether_bricks":3,"biomesoplenty:orange_sandstone":1,"aquaculture:brown_trout":1,"orcz:orcshroom":5,"minecraft:hay_block":43,"minecraft:mutton":2,"minecraft:white_wool":1,"minecraft:cod":1,"minecraft:iron_bars":20,"biomesoplenty:orange_sand":1,"minecraft:bone_block":55,"minecraft:cobblestone":79,"minecraft:leather_chestplate":1,"minecraft:cooked_beef":1,"orcz:orcteeth":29,"minecraft:tripwire_hook":1,"minecraft:glow_ink_sac":3,"minecraft:andesite":7,"minecraft:cut_sandstone":11,"minecraft:leather":3,"alexsmobs:acacia_blossom":1,"minecraft:acacia_wood":21,"minecraft:filled_map":1,"minecraft:potato":1,"paraglider:spirit_orb":54,"minecraft:flint":1,"minecraft:stripped_spruce_wood":2,"minecraft:smooth_sandstone_stairs":1,"minecraft:golden_boots":1,"minecraft:gunpowder":3,"minecraft:cobblestone_stairs":1,"mca:book_romance":1,"minecraft:lantern":5,"minecraft:cut_sandstone_slab":1,"minecraft:dirt":20,"tombstone:familiar_receptacle":1,"minecraft:name_tag":1,"untamedwilds:food_turtle_raw":2,"minecraft:mangrove_fence":1,"minecraft:smooth_sandstone":7,"minecraft:bone":48,"minecraft:acacia_planks":2,"minecraft:stone_bricks":12,"minecraft:gray_carpet":2,"minecraft:bow":1,"minecraft:gray_terracotta":8,"minecraft:red_sandstone":5,"minecraft:wheat_seeds":2,"minecraft:spruce_wood":9,"minecraft:dark_oak_sign":3,"untamedwilds:hide_tan":2,"minecraft:mossy_stone_bricks":7,"minecraft:glass_bottle":1,"minecraft:flowering_azalea":1,"minecraft:acacia_sapling":3,"minecraft:mossy_stone_brick_stairs":1,"minecraft:dark_oak_stairs":5,"minecraft:book":10,"minecraft:black_terracotta":7,"minecraft:smooth_basalt":2,"minecraft:cooked_porkchop":3,"minecraft:dandelion":1,"minecraft:gravel":5,"minecraft:sand":24,"orcz:blue_orcshroom":1,"minecraft:spider_eye":1,"minecraft:spruce_sapling":14,"minecraft:nether_brick_stairs":4,"minecraft:spruce_log":6,"minecraft:diamond_block":1,"minecraft:dark_oak_log":3,"minecraft:chiseled_sandstone":5,"minecraft:mossy_cobblestone":4,"minecraft:dark_prismarine":6,"minecraft:bundle":5,"minecraft:purple_bed":5,"minecraft:diamond":4,"minecraft:soul_lantern":30,"minecraft:bread":11,"minecraft:granite":14,"minecraft:painting":2,"minecraft:emerald":1,"minecraft:light_gray_carpet":2,"tombstone:magic_scroll":1,"minecraft:spruce_sign":1,"orcz:ironscrap":6,"alexsmobs:maggot":4,"minecraft:chiseled_red_sandstone":1,"minecraft:oak_sapling":1,"orcz:orceye":2,"minecraft:melon_seeds":2,"minecraft:coal":6},"minecraft:mined":{"minecraft:dark_oak_planks":2,"minecraft:dark_prismarine":6,"minecraft:cut_sandstone_slab":1,"minecraft:mossy_cobblestone":4,"minecraft:deepslate_diamond_ore":4,"minecraft:cobblestone_stairs":1,"biomesoplenty:desert_grass":2,"minecraft:dark_oak_log":3,"minecraft:nether_bricks":2,"minecraft:granite":14,"biomesoplenty:bush":1,"minecraft:acacia_log":46,"minecraft:grass_block":5,"biomesoplenty:orange_sandstone":1,"biomesoplenty:dune_grass":4,"minecraft:sandstone":4,"biomesoplenty:tundra_shrub":3,"minecraft:spawner":26,"minecraft:large_fern":2,"minecraft:hay_block":43,"minecraft:red_sandstone":4,"minecraft:iron_ore":29,"minecraft:cobbled_deepslate":14,"minecraft:chiseled_sandstone":5,"minecraft:acacia_wood":29,"minecraft:andesite":7,"dynamictrees:spruce_leaves":1,"minecraft:nether_brick_stairs":6,"minecraft:mossy_stone_brick_stairs":1,"minecraft:deepslate_iron_ore":2,"minecraft:lantern":5,"minecraft:vine":5,"minecraft:iron_bars":19,"minecraft:smooth_sandstone_stairs":1,"minecraft:spruce_wood":9,"minecraft:stone":77,"minecraft:bone_block":55,"minecraft:cut_sandstone":11,"minecraft:soul_sand":1,"biomesoplenty:orange_sand":1,"biomesoplenty:wildflower":1,"minecraft:powder_snow":58,"minecraft:soul_lantern":29,"minecraft:smooth_sandstone":7,"minecraft:crafting_table":3,"minecraft:torch":5,"minecraft:cobblestone":1,"biomesoplenty:sprout":2,"minecraft:diorite":16,"minecraft:smooth_sandstone_slab":2,"minecraft:wall_torch":8,"minecraft:purple_bed":5,"minecraft:stripped_spruce_wood":2,"minecraft:mud":1,"minecraft:ice":1,"minecraft:grass":1,"minecraft:gravel":5,"minecraft:dirt":15,"minecraft:sand":1,"minecraft:tripwire_hook":1,"minecraft:cobweb":1,"minecraft:smooth_basalt":2,"minecraft:cut_red_sandstone":1,"minecraft:acacia_planks":2,"minecraft:stone_bricks":13,"minecraft:netherrack":1,"minecraft:mossy_stone_bricks":7,"minecraft:oak_leaves":2,"minecraft:deepslate":28,"minecraft:fern":4}},"DataVersion":3465}