{"stats":{"minecraft:killed_by":{"mutantmonsters:mutant_enderman":1,"minecraft:zombified_piglin":1,"orcz:orcsavage_2sword":1,"minecraft:player":1},"minecraft:picked_up":{"minecraft:birch_door":1,"minecraft:iron_chestplate":6,"minecraft:chainmail_boots":1,"minecraft:flower_pot":3,"croptopia:grape_seed":2,"artifacts:bunny_hoppers":2,"minecraft:diamond_sword":12,"minecraft:brown_bed":1,"camera:camera":1,"minecraft:light":4,"minecraft:golden_sword":2,"paraglider:goddess_statue":4,"minecraft:string":118,"minecraft:dark_oak_trapdoor":3,"minecraft:soul_soil":2,"minecraft:red_nether_bricks":2,"biomesoplenty:tall_lavender":5,"cfm:spruce_blinds":7,"minecraft:diamond_leggings":2,"minecraft:gold_nugget":20,"minecraft:cobbled_deepslate":70,"landk_furniture_v1_4:fridgegrayclose":1,"minecraft:spruce_planks":16,"securitycraft:reinforced_redstone_block":3,"artifacts:universal_attractor":1,"orcz:orcskull":5,"minecraft:acacia_log":53,"orcz:palisadedarkoak":3,"minecraft:golden_chestplate":1,"minecraft:stone_sword":1,"artifacts:lucky_scarf":1,"biomesoplenty:rose_quartz_chunk":1,"minecraft:tropical_fish":2,"minecraft:waxed_cut_copper":3,"minecraft:iron_bars":62,"minecraft:snowball":28,"biomesoplenty:lavender":76,"minecraft:birch_log":7,"orcz:orcteeth":215,"minecraft:cooked_beef":22,"minecraft:feather":13,"biomesoplenty:flowering_oak_leaves":44,"minecraft:iron_door":5,"landk_furniture_v1_4:ledtubedwwhiteon":64,"biomesoplenty:dead_log":7,"minecraft:flint":1,"minecraft:stripped_spruce_wood":22,"minecraft:lantern":10,"tombstone:familiar_receptacle":1,"minecraft:brown_candle":2,"untamedwilds:food_turtle_raw":3,"untamedwilds:flora_junegrass":4,"landk_furniture_v1_4:chandelierliliwhiteoff":1,"minecraft:chipped_anvil":1,"framedblocks:framed_slope":9,"minecraft:gray_terracotta":9,"minecraft:dark_oak_sign":3,"untamedwilds:hide_tan":2,"minecraft:diamond_helmet":4,"minecraft:glowstone_dust":2,"minecraft:gray_candle":6,"minecraft:magenta_candle":4,"minecraft:stripped_acacia_wood":1,"orcz:blue_orcshroom":22,"minecraft:trapped_chest":1,"minecraft:dark_oak_log":263,"minecraft:bundle":13,"minecraft:white_candle":4,"minecraft:polished_andesite":6,"alexsmobs:kangaroo_hide":2,"minecraft:granite":15,"minecraft:chainmail_helmet":1,"minecraft:spruce_button":3,"minecraft:bread":99,"alexsmobs:maggot":15,"minecraft:light_gray_carpet":2,"minecraft:bricks":108,"minecraft:light_blue_candle":4,"croptopia:toast":570,"sophisticatedbackpacks:gold_backpack":2,"securitycraft:gravel_mine":4,"minecraft:mud":1,"minecraft:crafting_table":3,"minecraft:clay_ball":11,"minecraft:golden_pickaxe":1,"minecraft:leather_leggings":3,"biomesoplenty:jacaranda_sapling":68,"minecraft:yellow_candle":4,"minecraft:cornflower":2,"minecraft:pink_candle":2,"camera:image_frame":6,"minecraft:netherite_scrap":1,"minecraft:iron_shovel":3,"minecraft:cracked_stone_bricks":3,"minecraft:beef":28,"minecraft:poppy":30,"minecraft:spruce_slab":1,"minecraft:chest":1,"sons_of_sins:sickle_of_struggle":1,"minecraft:egg":5,"minecraft:sandstone":4,"untamedwilds:flora_bush_temperate":1,"sophisticatedbackpacks:backpack":4,"minecraft:spruce_fence":1,"orcz:orchorn":1,"minecraft:mangrove_sign":1,"landk_furniture_v1_4:outdoorlightingkatybiggrayon":5,"minecraft:redstone":77,"minecraft:cooked_cod":31,"biomesoplenty:jacaranda_log":119,"minecraft:peony":1,"aquaculture:brown_trout":1,"minecraft:diamond_boots":1,"minecraft:hay_block":156,"tombstone:essence_of_undeath":2,"minecraft:gold_ingot":67,"sophisticatedbackpacks:copper_backpack":4,"minecraft:mutton":31,"minecraft:white_wool":22,"minecraft:bone_block":55,"alexsmobs:kangaroo_meat":3,"biomesoplenty:orange_sand":1,"minecraft:stripped_oak_log":4,"minecraft:tripwire_hook":1,"modernlife:refrigerator":2,"alexsmobs:acacia_blossom":1,"mcwbridges:dark_oak_log_bridge_stair":7,"minecraft:red_mushroom":3,"minecraft:acacia_wood":21,"minecraft:filled_map":1,"minecraft:oak_log":181,"minecraft:golden_boots":3,"orcz:orcsymbolred":1,"farmersdelight:skillet":5,"mutantmonsters:mutant_skeleton_limb":1,"securitycraft:reinforced_glass":6,"minecraft:white_banner":1,"minecraft:apple":16,"minecraft:stone_bricks":16,"tombstone:bag_of_seeds":3,"minecraft:glass_bottle":1,"minecraft:iron_sword":1,"minecraft:flowering_azalea":4,"biomesoplenty:umbran_log":3,"minecraft:dark_oak_stairs":7,"minecraft:polished_andesite_stairs":1,"minecraft:smooth_basalt":2,"minecraft:spyglass":1,"minecraft:gravel":5,"orcz:orcamanita":58,"minecraft:spruce_sapling":62,"minecraft:orange_candle":6,"minecraft:spruce_log":160,"cfm:stripped_dark_oak_upgraded_fence":1,"minecraft:leather_helmet":3,"biomesoplenty:flowering_oak_sapling":12,"minecraft:purple_bed":12,"pfm:thornwood_alexscaves_black_simple_bed":1,"minecraft:stone_axe":2,"minecraft:diamond_axe":1,"minecraft:painting":3,"minecraft:gray_wool":1,"minecraft:warped_roots":1,"minecraft:baked_potato":7,"minecraft:brown_banner":1,"minecraft:melon_seeds":2,"minecraft:stripped_dark_oak_log":1,"minecraft:smooth_quartz_slab":42,"minecraft:hopper":5,"minecraft:ender_pearl":9,"biomesoplenty:burning_blossom":4,"minecraft:black_carpet":3,"minecraft:nether_brick_fence":1,"minecraft:stone_brick_stairs":1,"alexsmobs:gazelle_horn":5,"minecraft:smooth_stone_slab":1,"minecraft:red_candle":2,"minecraft:iron_leggings":1,"minecraft:armor_stand":1,"alexsmobs:dropbear_claw":3,"alexsmobs:blood_sac":1,"minecraft:red_sand":1,"minecraft:bucket":1,"minecraft:rose_bush":1,"minecraft:calcite":7,"dynamictrees:oak_seed":3,"minecraft:iron_pickaxe":4,"alexsmobs:raccoon_tail":1,"minecraft:furnace":2,"minecraft:tipped_arrow":7,"minecraft:stick":165,"modernlife:six_panel_window":2,"minecraft:birch_trapdoor":2,"minecraft:torch":55,"minecraft:spruce_stairs":11,"minecraft:porkchop":27,"orcz:squigs_claws":11,"tombstone:grave_dust":42,"minecraft:diorite":16,"minecraft:quartz_block":203,"minecraft:rotten_flesh":298,"landk_furniture_v1_4:gardenbedkatywhite":2,"modernlife:stove":2,"orcz:orcshroom":19,"minecraft:stripped_birch_wood":10,"minecraft:cod":1,"minecraft:cobblestone":1589,"paraglider:paraglider":2,"minecraft:leather_chestplate":2,"minecraft:andesite":9,"minecraft:potato":1,"paraglider:spirit_orb":198,"minecraft:smooth_sandstone_stairs":1,"pfm:dark_oak_modern_stool":7,"mcwbridges:cherry_log_bridge_stair":3,"minecraft:wither_skeleton_skull":3,"minecraft:dirt":853,"minecraft:stripped_birch_log":4,"minecraft:cut_sandstone_slab":1,"minecraft:name_tag":1,"minecraft:leather_boots":1,"minecraft:mangrove_fence":1,"minecraft:glass":36,"minecraft:bone":253,"minecraft:acacia_planks":2,"minecraft:bow":5,"minecraft:wheat_seeds":185,"minecraft:green_candle":7,"minecraft:cyan_candle":3,"modernlife:glass_door":1,"minecraft:mossy_stone_bricks":8,"cfm:door_mat":1,"camera:image":13,"minecraft:oak_planks":148,"minecraft:mossy_stone_brick_stairs":4,"minecraft:black_terracotta":7,"minecraft:cooked_porkchop":21,"orcz:skullwandorc":1,"orcz:orcagaric":26,"minecraft:sand":494,"minecraft:nether_brick_stairs":7,"minecraft:grass_block":2,"minecraft:diamond_block":2,"minecraft:chiseled_sandstone":5,"sons_of_sins:flesh_of_demise":2,"minecraft:mossy_cobblestone":6,"minecraft:dark_prismarine":6,"minecraft:diamond":12,"minecraft:soul_lantern":52,"minecraft:white_concrete":357,"minecraft:golden_apple":9,"minecraft:spruce_sign":7,"minecraft:emerald":6,"minecraft:chiseled_red_sandstone":1,"orcz:ironscrap":17,"minecraft:oak_sapling":48,"minecraft:netherrack":181,"minecraft:oak_leaves":26,"minecraft:waxed_oxidized_cut_copper":1,"minecraft:allium":1,"artifacts:night_vision_goggles":1,"minecraft:azure_bluet":5,"minecraft:chicken":13,"minecraft:ladder":3,"biomesoplenty:flesh":1,"minecraft:brown_mushroom":3,"minecraft:shield":1,"farmersdelight:diamond_knife":2,"modernlife:ceiling_fan":2,"minecraft:iron_axe":1,"minecraft:quartz_slab":15,"minecraft:cyan_carpet":3,"aquaculture:bluegill":1,"minecraft:candle":6,"croptopia:tomato_seed":3,"minecraft:player_head":7,"minecraft:light_gray_wool":1,"minecraft:tinted_glass":1,"pfm:fir_biomesoplenty_blue_simple_bed":1,"biomesoplenty:wildflower":4,"minecraft:sugar_cane":7,"minecraft:dark_oak_sapling":67,"minecraft:raw_iron":42,"minecraft:stripped_mangrove_wood":4,"minecraft:bowl":1,"modernlife:flatscreen_tv":1,"minecraft:stone_pressure_plate":4,"modernlife:dark_oak_wall_shelf":8,"minecraft:dark_oak_planks":62,"minecraft:smooth_sandstone_slab":2,"minecraft:purple_candle":2,"minecraft:lime_candle":6,"minecraft:arrow":275,"biomesoplenty:umbran_sapling":1,"minecraft:nether_bricks":7,"biomesoplenty:orange_sandstone":1,"minecraft:saddle":2,"minecraft:basalt":39,"minecraft:glow_ink_sac":5,"minecraft:cut_sandstone":11,"minecraft:leather":25,"modernlife:dark_oak_night_stand":3,"minecraft:ice":7,"pfm:dark_oak_black_classic_bed":2,"croptopia:basil_seed":1,"minecraft:chainmail_chestplate":3,"minecraft:yellow_bed":8,"biomesoplenty:jacaranda_planks":15,"minecraft:gunpowder":31,"minecraft:cobblestone_stairs":1,"mca:book_romance":1,"minecraft:cooked_mutton":15,"minecraft:smooth_sandstone":9,"minecraft:red_carpet":3,"untamedwilds:material_fat":3,"minecraft:gray_carpet":4,"minecraft:red_sandstone":5,"minecraft:spruce_wood":9,"minecraft:iron_ingot":9,"artifacts:whoopee_cushion":2,"dynamictrees:birch_seed":1,"minecraft:cooked_chicken":4,"securitycraft:universal_block_reinforcer_lvl1":1,"minecraft:stripped_oak_wood":20,"minecraft:acacia_sapling":3,"sophisticatedbackpacks:diamond_backpack":9,"minecraft:book":70,"minecraft:scaffolding":4,"minecraft:black_candle":2,"minecraft:emerald_block":1,"minecraft:quartz":860,"minecraft:dandelion":5,"minecraft:lava_bucket":1,"minecraft:dripstone_block":2,"biomesoplenty:dead_planks":9,"minecraft:blast_furnace":2,"minecraft:white_bed":26,"minecraft:spider_eye":44,"biomesoplenty:bramble":1,"minecraft:campfire":3,"minecraft:chainmail_leggings":2,"minecraft:mossy_cobblestone_stairs":2,"tombstone:magic_scroll":2,"orcz:orceye":5,"minecraft:damaged_anvil":4,"minecraft:coal":90},"minecraft:mined":{"minecraft:dark_oak_planks":47,"minecraft:cut_sandstone_slab":1,"minecraft:white_bed":26,"landk_furniture_v1_4:chandelierkikobigwhiteoff":2,"orcz:orcsymbolred":1,"croptopia:grape_crop":1,"minecraft:red_nether_bricks":2,"orcz:palisadedarkoak":3,"minecraft:granite":14,"biomesoplenty:bramble":1,"minecraft:acacia_log":46,"minecraft:orange_candle":3,"biomesoplenty:orange_sandstone":1,"minecraft:hopper":5,"minecraft:spawner":92,"minecraft:polished_blackstone_bricks":12,"biomesoplenty:tall_lavender":2,"minecraft:mossy_cobblestone_stairs":2,"minecraft:fire":11,"minecraft:cobbled_deepslate":40,"biomesoplenty:lavender":47,"minecraft:nether_brick_stairs":34,"amendments:wall_lantern":1,"minecraft:quartz_slab":15,"minecraft:smooth_sandstone_stairs":1,"minecraft:spruce_wood":9,"minecraft:stripped_mangrove_wood":3,"minecraft:player_head":3,"landk_furniture_v1_4:smallgardentablekikoblack":4,"biomesoplenty:jacaranda_leaves":9,"minecraft:cut_sandstone":11,"modernlife:glass_door":1,"landk_furniture_v1_4:plushminions":1,"biomesoplenty:jacaranda_planks":15,"minecraft:powder_snow":58,"minecraft:torch":7,"landk_furniture_v1_4:chandelierkatybigwhiteon":2,"minecraft:blast_furnace":2,"minecraft:nether_brick_slab":1,"minecraft:smooth_quartz_slab":42,"minecraft:glass":14,"minecraft:white_candle":2,"pfm:dark_oak_modern_stool":6,"minecraft:damaged_anvil":4,"minecraft:smooth_sandstone_slab":2,"sophisticatedbackpacks:diamond_backpack":1,"minecraft:mud":1,"minecraft:tinted_glass":1,"biomesoplenty:large_rose_quartz_bud":1,"minecraft:stone_brick_stairs":1,"landk_furniture_v1_4:chandelierkikobigwhiteon":2,"minecraft:grass":376,"biomesoplenty:dead_log":7,"dynamictrees:dark_oak_branch":18,"minecraft:smooth_basalt":2,"minecraft:brown_candle":1,"minecraft:cut_red_sandstone":1,"minecraft:deepslate":28,"landk_furniture_v1_4:gardentablekatyblack":6,"mcwbridges:cherry_log_bridge_stair":3,"minecraft:dark_prismarine":6,"untamedwilds:flora_junegrass":4,"minecraft:mossy_cobblestone":6,"minecraft:dark_oak_log":204,"biomesoplenty:desert_grass":8,"minecraft:stripped_birch_log":4,"minecraft:potted_flowering_azalea_bush":2,"minecraft:purple_candle":1,"minecraft:nether_bricks":25,"connectedglass:clear_glass":59,"biomesoplenty:dead_grass":1,"biomesoplenty:dune_grass":4,"biomesoplenty:jacaranda_log":120,"minecraft:waxed_oxidized_cut_copper":1,"minecraft:red_sandstone":4,"minecraft:snow":6,"minecraft:acacia_wood":30,"minecraft:andesite":9,"pfm:dark_oak_black_classic_bed":2,"biomesoplenty:flesh":1,"dynamictrees:spruce_leaves":6,"landk_furniture_v1_4:katyplantgreen":1,"orcz:orcshroom":6,"minecraft:mossy_stone_brick_stairs":4,"dynamictrees:oak_branch":37,"minecraft:vine":9,"minecraft:green_candle":3,"biomesoplenty:barley":781,"minecraft:bone_block":55,"modernlife:dark_oak_night_stand":3,"dynamictrees:spruce_branch":34,"minecraft:soul_sand":1,"minecraft:dandelion":4,"minecraft:smooth_sandstone":9,"landk_furniture_v1_4:plushwalle":1,"untamedwilds:flora_bush_temperate":1,"minecraft:campfire":2,"minecraft:tall_grass":32,"minecraft:diorite":16,"landk_furniture_v1_4:mirrorkikoround":1,"minecraft:purple_bed":12,"farmersdelight:skillet":5,"minecraft:trapped_chest":1,"minecraft:stripped_spruce_wood":22,"landk_furniture_v1_4:outdoorlightingliliblackon":1,"landk_furniture_v1_4:gardenbedkatywhite":4,"minecraft:spruce_log":131,"minecraft:magenta_candle":2,"minecraft:light_blue_candle":2,"minecraft:gravel":5,"minecraft:dripstone_block":2,"landk_furniture_v1_4:plushpeashooter":1,"minecraft:cobweb":4,"biomesoplenty:dead_planks":1,"minecraft:acacia_planks":2,"modernlife:flatscreen_tv":1,"minecraft:stone_bricks":17,"minecraft:chipped_anvil":1,"minecraft:fern":5,"minecraft:waxed_cut_copper_slab":1,"landk_furniture_v1_4:outdoorlightingkatybiggrayoff":2,"minecraft:stone_pressure_plate":2,"minecraft:spruce_planks":13,"orcz:orcamanita":40,"minecraft:cobblestone_stairs":1,"minecraft:grass_block":109,"biomesoplenty:flowering_oak_leaves":44,"landk_furniture_v1_4:outdoorlightingkatybiggrayon":1,"minecraft:white_concrete":369,"landk_furniture_v1_4:chandelierliliwhiteoff":1,"biomesoplenty:bramble_leaves":1,"landk_furniture_v1_4:ledtubeupwhiteoff":1,"framedblocks:framed_slope":2,"modernlife:stove":2,"cfm:stripped_dark_oak_upgraded_fence":1,"minecraft:iron_ore":66,"modernlife:dark_oak_wall_shelf":4,"minecraft:pink_candle":2,"minecraft:azure_bluet":1,"minecraft:dark_oak_stairs":2,"minecraft:brown_bed":2,"modernlife:six_panel_window":2,"minecraft:iron_bars":58,"minecraft:black_candle":1,"landk_furniture_v1_4:plushfreddy":1,"minecraft:waxed_cut_copper":3,"biomesoplenty:medium_rose_quartz_bud":1,"minecraft:quartz_block":39,"minecraft:blackstone":4,"biomesoplenty:wildflower":5,"minecraft:lime_candle":3,"minecraft:soul_lantern":50,"mcwbridges:dark_oak_log_bridge_stair":7,"minecraft:clay":2,"untamedwilds:flora_common_reed":2,"minecraft:calcite":2,"minecraft:poppy":6,"minecraft:nether_quartz_ore":490,"minecraft:cobblestone":742,"minecraft:oak_planks":97,"minecraft:iron_door":3,"minecraft:wall_torch":24,"landk_furniture_v1_4:ledtubeupwhiteon":6,"minecraft:red_candle":1,"orcz:orcagaric":16,"biomesoplenty:umbran_log":50,"landk_furniture_v1_4:ledtubeupanglewhiteon":2,"orcz:blue_orcshroom":11,"minecraft:oak_log":176,"minecraft:sand":1,"minecraft:dirt":377,"minecraft:tripwire_hook":1,"landk_furniture_v1_4:katyplantred":1,"minecraft:netherrack":167,"minecraft:oak_leaves":31,"minecraft:cyan_candle":1,"minecraft:emerald_block":1,"minecraft:gray_candle":2,"minecraft:deepslate_diamond_ore":4,"dynamictrees:birch_branch":650,"minecraft:candle":3,"landk_furniture_v1_4:crystalcabinetkikoorange":1,"biomesoplenty:bush":9,"minecraft:yellow_candle":2,"minecraft:spruce_leaves":1,"minecraft:sandstone":4,"biomesoplenty:tundra_shrub":3,"minecraft:large_fern":2,"minecraft:hay_block":155,"minecraft:furnace":2,"landk_furniture_v1_4:plushdon":1,"minecraft:chiseled_sandstone":5,"biomesoplenty:willow_vine":1,"minecraft:peony":1,"minecraft:nether_brick_fence":1,"landk_furniture_v1_4:plushenderman":1,"minecraft:bookshelf":21,"minecraft:deepslate_iron_ore":2,"minecraft:lantern":12,"cfm:door_mat":1,"landk_furniture_v1_4:ledtubedwwhiteon":6,"minecraft:stripped_oak_log":4,"landk_furniture_v1_4:plushcreeper":1,"modernlife:ceiling_fan":2,"minecraft:stone":647,"minecraft:scaffolding":2,"biomesoplenty:orange_sand":1,"minecraft:stripped_dark_oak_log":1,"modernlife:refrigerator":2,"minecraft:crafting_table":3,"minecraft:rose_bush":1,"cfm:spruce_blinds":7,"biomesoplenty:sprout":7,"minecraft:air":364,"untamedwilds:block_burrow":2,"minecraft:polished_blackstone_slab":1,"minecraft:ice":9,"minecraft:yellow_bed":6,"minecraft:coal_ore":52,"minecraft:gray_carpet":1,"minecraft:cracked_stone_bricks":2,"minecraft:stripped_acacia_wood":1,"minecraft:polished_andesite":2,"minecraft:mossy_stone_bricks":8,"paraglider:goddess_statue":4},"minecraft:used":{"untamedwilds:carpet_straw":6,"minecraft:smooth_quartz_slab":21,"minecraft:chest":1,"securitycraft:security_camera":3,"minecraft:chiseled_red_sandstone":1,"landk_furniture_v1_4:chandelierkikobigwhiteon":32,"pfm:dark_oak_black_classic_bed":4,"landk_furniture_v1_4:plushenderman":1,"minecraft:snowball":8,"minecraft:azure_bluet":3,"minecraft:lava_bucket":253,"landk_furniture_v1_4:tvracklililrblack":1,"landk_furniture_v1_4:katyplantgreen":1,"minecraft:grass_block":1,"minecraft:quartz_block":537,"landk_furniture_v1_4:katyplantred":1,"minecraft:stone_brick_stairs":1,"minecraft:bow":295,"minecraft:furnace":6,"minecraft:oak_sapling":1,"pfm:dark_oak_modern_stool":9,"mcwbridges:cherry_log_bridge_stair":13,"biomesoplenty:flesh":1,"modernlife:stove":3,"minecraft:mossy_stone_bricks":6,"minecraft:diorite":14,"minecraft:damaged_anvil":4,"minecraft:mossy_stone_brick_stairs":2,"tombstone:tablet_of_guard":5,"landk_furniture_v1_4:chandelierkikoredoff":1,"modernlife:oak_glass_door":2,"modernlife:flatscreen_tv":2,"minecraft:golden_apple":26,"modernlife:dark_oak_wall_shelf":38,"landk_furniture_v1_4:ledtubeupwhiteoff":12,"minecraft:sand":55,"minecraft:blast_furnace":2,"mcwbridges:dark_oak_log_bridge_stair":11,"modernlife:dark_oak_glass_door":2,"biomesoplenty:jacaranda_planks":129,"minecraft:red_sandstone":5,"pfm:working_table":1,"minecraft:chiseled_sandstone":5,"modernlife:refrigerator":3,"landk_furniture_v1_4:ledtubedwwhiteon":114,"minecraft:soul_lantern":22,"cfm:stripped_dark_oak_upgraded_fence":1,"minecraft:diamond_sword":2459,"pfm:spruce_classic_nightstand":3,"sons_of_sins:flesh_of_demise":1,"landk_furniture_v1_4:gardenchairkatyblack":2,"minecraft:birch_log":4,"landk_furniture_v1_4:gardentableliliblack":1,"camera:image_frame":9,"minecraft:iron_bars":3,"minecraft:acacia_log":33,"minecraft:stone_sword":100,"minecraft:armor_stand":1,"minecraft:light_gray_carpet":2,"landk_furniture_v1_4:smallgardentablekikoblack":4,"minecraft:tinted_glass":1,"minecraft:netherrack":105,"minecraft:torch":41,"minecraft:anvil":2,"landk_furniture_v1_4:outdoorlightingkatybiggrayon":3,"minecraft:golden_shovel":1,"minecraft:mossy_cobblestone_stairs":1,"minecraft:iron_axe":231,"minecraft:smooth_quartz":3,"minecraft:diamond_chestplate":1,"minecraft:beef":3,"landk_furniture_v1_4:pcblackoff":1,"securitycraft:dirt_mine":17,"pfm:jacaranda_biomesoplenty_classic_nightstand":3,"tombstone:gift":3,"minecraft:trapped_chest":1,"minecraft:cobbled_deepslate":207,"minecraft:acacia_planks":52,"pfm:basic_lamp":1,"minecraft:calcite":7,"minecraft:water_bucket":41,"framedblocks:framed_slope":36,"minecraft:smooth_sandstone_slab":1,"landk_furniture_v1_4:chandelierliliwhiteoff":8,"minecraft:cracked_stone_bricks":1,"minecraft:salmon":3,"minecraft:mossy_cobblestone":5,"minecraft:crafting_table":6,"landk_furniture_v1_4:plushdon":1,"landk_furniture_v1_4:gardentablekatyblack":6,"minecraft:white_bed":27,"minecraft:campfire":6,"modernlife:dark_oak_round_table":10,"minecraft:cod":5,"minecraft:spruce_log":4,"minecraft:cake":1,"minecraft:oak_log":4,"minecraft:dark_prismarine":4,"minecraft:light":7,"landk_furniture_v1_4:plushwalle":1,"tombstone:tablet_of_assistance":3,"minecraft:iron_pickaxe":3322,"minecraft:leather_helmet":2,"tombstone:magic_scroll":2,"minecraft:spruce_sapling":15,"modernlife:dark_oak_night_stand":4,"minecraft:cobblestone":755,"minecraft:potion":11,"minecraft:purple_bed":13,"pfm:thornwood_alexscaves_black_simple_bed":2,"minecraft:cooked_porkchop":1,"minecraft:porkchop":2,"landk_furniture_v1_4:fridgegrayclose":1,"minecraft:iron_shovel":169,"minecraft:shield":237,"minecraft:iron_sword":537,"paraglider:goddess_statue":3,"orcz:orcshroom":5,"minecraft:nether_bricks":3,"landk_furniture_v1_4:gardendeckchairkatywhite":3,"minecraft:obsidian":2,"landk_furniture_v1_4:ledtubeupanglewhiteon":2,"sophisticatedbackpacks:diamond_backpack":1,"minecraft:glass":393,"cfm:door_mat":1,"cfm:dark_oak_upgraded_fence":36,"minecraft:quartz_slab":22,"minecraft:spruce_wood":1,"minecraft:lantern":23,"modernlife:six_panel_window":2,"minecraft:iron_helmet":1,"landk_furniture_v1_4:plushminions":1,"landk_furniture_v1_4:chandelierkatybigwhiteoff":2,"orcz:orcagaric":2,"minecraft:stone_bricks":7,"minecraft:golden_sword":4,"landk_furniture_v1_4:crystalcabinetkikoorange":1,"landk_furniture_v1_4:ledtubeupwhiteon":52,"minecraft:dark_oak_stairs":2,"minecraft:end_rod":1,"minecraft:diamond_boots":1,"minecraft:stone_pickaxe":16,"minecraft:oak_planks":826,"minecraft:ender_pearl":2,"cfm:spruce_blinds":17,"minecraft:sandstone":2,"minecraft:diamond_axe":1394,"minecraft:white_wool":1,"minecraft:mushroom_stew":5,"minecraft:crossbow":1,"biomesoplenty:dead_planks":24,"minecraft:black_terracotta":4,"landk_furniture_v1_4:plushfreddy":2,"minecraft:dark_oak_log":5,"minecraft:bread":70,"tombstone:grave_key":23,"minecraft:gravel":5,"landk_furniture_v1_4:chandelierkikobigwhiteoff":1,"croptopia:toast":393,"modernlife:ceiling_fan":16,"sons_of_sins:sickle_of_struggle":1,"minecraft:andesite":7,"minecraft:white_concrete":2529,"minecraft:golden_pickaxe":78,"minecraft:bone_meal":8,"minecraft:experience_bottle":102,"biomesoplenty:flowering_oak_leaves":88,"minecraft:flint_and_steel":6,"minecraft:spruce_planks":583,"minecraft:cooked_chicken":1,"minecraft:dirt":4219,"minecraft:spyglass":2,"minecraft:hopper":7,"minecraft:diamond_helmet":2,"minecraft:granite":13,"landk_furniture_v1_4:plushcreeper":1,"minecraft:dark_oak_planks":343,"alexsmobs:maggot":4,"minecraft:smooth_sandstone":4,"landk_furniture_v1_4:gardenbedkatywhite":4,"minecraft:soul_soil":2,"minecraft:cooked_beef":57,"minecraft:brown_bed":2,"minecraft:cooked_mutton":1,"minecraft:acacia_boat":1,"tombstone:scroll_of_knowledge":1,"landk_furniture_v1_4:plushpeashooter":1,"landk_furniture_v1_4:ledtubedwwhiteoff":4,"farmersdelight:skillet":7,"minecraft:baked_potato":4,"landk_furniture_v1_4:mirrorkikoround":1,"minecraft:cut_sandstone":5,"minecraft:spruce_sign":3,"minecraft:warped_roots":1,"connectedglass:clear_glass":655,"modernlife:glass_door":6,"tombstone:bag_of_seeds":5,"minecraft:gray_terracotta":6,"minecraft:flower_pot":2,"minecraft:apple":4,"landk_furniture_v1_4:outdoorlightingliliblackon":1,"minecraft:stone_axe":681,"landk_furniture_v1_4:outdoorlightingkatybiggrayoff":1,"minecraft:bucket":84,"minecraft:pumpkin_pie":10,"minecraft:yellow_bed":6},"minecraft:killed":{"minecraft:cave_spider":8,"minecraft:skeleton":95,"alexsmobs:straddler":10,"alexsmobs:laviathan":1,"minecraft:iron_golem":2,"orcz:goblinwerid":1,"mutantmonsters:mutant_skeleton":2,"minecraft:zombie":140,"alexsmobs:maned_wolf":1,"orcz:bigorcboss":2,"untamedwilds:bison":4,"orcz:orcsavage_2sword":13,"minecraft:cow":7,"mca:male_zombie_villager":1,"minecraft:horse":1,"orcz:orcsavagemace":10,"orcz:orcsavageweird":4,"minecraft:husk":6,"untamedwilds:terror_bird":1,"minecraft:ravager":2,"mutantmonsters:creeper_minion":1,"mca:female_villager":3,"minecraft:enderman":6,"minecraft:zombified_piglin":16,"minecraft:witch":1,"minecraft:spider":45,"orcz:goblinsavagebomb":1,"minecraft:illusioner":1,"orcz:squig":9,"minecraft:piglin_brute":1,"alexsmobs:kangaroo":2,"minecraft:piglin":2,"orcz:weirdboinecro":3,"minecraft:pig":5,"orcz:goblinsavagemace":45,"hunters_return:hunter":3,"alexsmobs:stradpole":2,"minecraft:creeper":14,"minecraft:sheep":13,"minecraft:stray":9,"alexsmobs:fly":2,"orcz:snot":32,"orcz:orcshield":19,"alexsmobs:bone_serpent":1,"alexsmobs:dropbear":2,"minecraft:phantom":1,"minecraft:hoglin":2,"sons_of_sins:betrayed_guzzler":1,"alexsmobs:gazelle":6,"orcz:goblin_2sword":4,"minecraft:wither_skeleton":19},"minecraft:dropped":{"minecraft:cooked_beef":2,"minecraft:diamond":128,"minecraft:glass_bottle":2,"minecraft:mossy_stone_brick_stairs":1,"modernlife:dark_oak_wall_shelf":2,"orcz:orceye":1,"minecraft:dirt":68,"minecraft:sand":128,"minecraft:white_wool":3,"croptopia:toast":56,"camera:image":3,"minecraft:rotten_flesh":36,"minecraft:azure_bluet":1,"minecraft:ladder":1,"camera:camera":2,"minecraft:enchanted_book":3,"landk_furniture_v1_4:fridgegrayclose":1,"dynamictrees:birch_seed":1,"minecraft:feather":2,"minecraft:cobblestone":92,"artifacts:whoopee_cushion":1,"minecraft:granite":1,"minecraft:lava_bucket":1,"minecraft:mossy_cobblestone_stairs":1,"minecraft:paper":8,"minecraft:string":4,"minecraft:gray_carpet":1,"minecraft:spruce_sapling":1,"minecraft:bowl":1,"camera:image_frame":1,"minecraft:chicken":1,"sophisticatedbackpacks:backpack":2,"pfm:fir_biomesoplenty_blue_simple_bed":1,"minecraft:diamond_sword":8,"minecraft:hay_block":1,"minecraft:waxed_cut_copper":1,"minecraft:bundle":4,"minecraft:yellow_bed":2,"minecraft:spider_eye":6,"sophisticatedbackpacks:copper_backpack":2,"minecraft:bow":2,"farmersdelight:diamond_knife":1,"minecraft:brown_mushroom":1,"framedblocks:framed_slope":8,"minecraft:leather":15,"minecraft:flint":1,"minecraft:netherite_scrap":1,"paraglider:paraglider":1,"minecraft:gold_ingot":1,"minecraft:spyglass":1,"minecraft:soul_lantern":1,"orcz:orcshroom":1,"sophisticatedbackpacks:diamond_backpack":5,"minecraft:poppy":23,"minecraft:gunpowder":1,"minecraft:iron_bars":1,"minecraft:arrow":1,"minecraft:netherrack":16,"minecraft:bread":48,"minecraft:tropical_fish":1,"minecraft:stick":5,"minecraft:diorite":2,"minecraft:white_concrete":1,"minecraft:iron_axe":1,"minecraft:bucket":1,"minecraft:filled_map":1,"orcz:orcteeth":1,"minecraft:iron_chestplate":2},"minecraft:broken":{"minecraft:diamond_helmet":2,"minecraft:iron_boots":1,"minecraft:iron_chestplate":1,"minecraft:iron_leggings":1,"minecraft:iron_sword":1,"minecraft:diamond_leggings":1,"minecraft:shield":3,"minecraft:iron_axe":1,"minecraft:iron_pickaxe":2,"minecraft:golden_helmet":1,"minecraft:diamond_boots":3,"minecraft:diamond_chestplate":3,"minecraft:leather_boots":1},"minecraft:custom":{"minecraft:interact_with_crafting_table":56,"minecraft:open_barrel":73,"goblintraders:trade_with_goblin":29,"minecraft:bell_ring":5,"minecraft:eat_cake_slice":22,"minecraft:leave_game":31,"minecraft:time_since_death":5397,"minecraft:damage_blocked_by_shield":8963,"minecraft:play_time":1868783,"minecraft:deaths":51,"minecraft:jump":26239,"minecraft:interact_with_furnace":80,"minecraft:sleep_in_bed":57,"minecraft:damage_dealt":114854,"tombstone:undead_killed":290,"minecraft:interact_with_smoker":1,"minecraft:interact_with_smithing_table":3,"minecraft:interact_with_anvil":38,"minecraft:inspect_hopper":4,"minecraft:chair_used":3,"minecraft:damage_dealt_absorbed":320,"minecraft:sneak_time":18133,"minecraft:interact_with_blast_furnace":5,"minecraft:total_world_time":1868783,"tombstone:raider_killed":8,"minecraft:tune_noteblock":2,"minecraft:cabinet_searched":8,"minecraft:time_since_rest":5276,"minecraft:swim_one_cm":345436,"minecraft:fly_one_cm":6236660,"minecraft:open_chest":564,"minecraft:fall_one_cm":743995,"minecraft:damage_resisted":12,"minecraft:sprint_one_cm":6865517,"minecraft:drop":422,"minecraft:play_noteblock":1,"minecraft:walk_on_water_one_cm":169880,"minecraft:interact_with_loom":1,"minecraft:crouch_one_cm":50940,"tombstone:villager_killed":3,"minecraft:mob_kills":653,"minecraft:interact_with_campfire":1,"minecraft:damage_dealt_resisted":3464,"minecraft:climb_one_cm":29579,"minecraft:walk_one_cm":1813051,"minecraft:walk_under_water_one_cm":40236,"minecraft:pot_flower":2,"minecraft:interact_with_grindstone":8,"minecraft:damage_taken":65777,"minecraft:damage_absorbed":882,"minecraft:trigger_trapped_chest":1},"minecraft:crafted":{"minecraft:black_dye":3,"pfm:spruce_classic_nightstand":4,"connectedglass:clear_glass":36,"sophisticatedbackpacks:crafting_upgrade":1,"untamedwilds:carpet_straw":6,"paraglider:deku_leaf":1,"connectedglass:borderless_glass":36,"landk_furniture_v1_4:chandelierkikoredoff":1,"minecraft:quartz_block":84,"minecraft:glass":320,"pfm:dark_oak_modern_stool":4,"modernlife:dark_oak_wall_shelf":18,"minecraft:magenta_dye":3,"minecraft:diamond_axe":2,"landk_furniture_v1_4:pcblackoff":1,"pfm:dark_oak_black_classic_bed":2,"cfm:spruce_blinds":4,"minecraft:campfire":6,"pfm:working_table":1,"camera:camera":1,"naturescompass:naturescompass":1,"minecraft:compass":1,"securitycraft:security_camera":3,"minecraft:iron_block":6,"modernlife:stove":1,"minecraft:iron_nugget":99,"minecraft:bone_meal":21,"minecraft:lantern":19,"minecraft:diamond":18,"minecraft:dark_oak_fence":15,"minecraft:stripped_birch_wood":3,"minecraft:quartz_slab":12,"minecraft:redstone_block":4,"modernlife:refrigerator":1,"minecraft:dark_oak_planks":492,"modernlife:six_panel_window":1,"minecraft:wheat":1368,"biomesoplenty:dead_planks":28,"sophisticatedbackpacks:gold_backpack":2,"mcwbridges:dark_oak_log_bridge_middle":16,"minecraft:white_bed":2,"camera:image_frame":1,"connectedglass:clear_glass_pane":32,"minecraft:brick":5,"minecraft:oak_planks":460,"minecraft:stone":1,"securitycraft:laser_block":1,"minecraft:dark_oak_door":3,"minecraft:hopper":3,"minecraft:bow":1,"mcwbridges:dark_oak_log_bridge_stair":12,"croptopia:flour":30,"minecraft:chest":6,"pfm:jacaranda_biomesoplenty_classic_nightstand":4,"sophisticatedbackpacks:backpack":1,"modernlife:dark_oak_glass_door":2,"biomesoplenty:jacaranda_planks":312,"minecraft:crafting_table":4,"minecraft:spruce_planks":612,"landk_furniture_v1_4:gardendeckchairkatywhite":3,"farmersdelight:skillet":3,"sophisticatedbackpacks:upgrade_base":1,"minecraft:dark_oak_slab":84,"modernlife:flatscreen_tv":1,"minecraft:yellow_dye":4,"sophisticatedbackpacks:diamond_backpack":3,"minecraft:stick":84,"minecraft:iron_ingot":58,"minecraft:black_bed":2,"securitycraft:universal_block_reinforcer_lvl1":1,"modernlife:ceiling_fan":6,"modernlife:dark_oak_round_table":5,"minecraft:furnace":4,"minecraft:stone_button":1,"minecraft:glass_pane":48,"sophisticatedbackpacks:iron_backpack":2,"paraglider:paraglider":1,"minecraft:red_dye":6,"minecraft:cooked_cod":3,"minecraft:dark_oak_stairs":20,"modernlife:dark_oak_night_stand":1,"minecraft:stripped_oak_wood":3,"minecraft:bucket":16,"minecraft:acacia_boat":1,"minecraft:bread":121,"minecraft:white_dye":3,"modernlife:glass_door":5,"minecraft:anvil":2,"minecraft:acacia_planks":88,"minecraft:torch":20}},"DataVersion":3465}