{"stats":{"minecraft:used":{"minecraft:mossy_stone_bricks":5,"minecraft:stone_sword":100,"minecraft:stone_pickaxe":16,"minecraft:baked_potato":4,"minecraft:shield":5,"minecraft:iron_sword":205,"minecraft:torch":33,"minecraft:golden_apple":4,"minecraft:chiseled_red_sandstone":1,"minecraft:granite":3,"minecraft:red_sandstone":5,"minecraft:apple":2,"minecraft:iron_pickaxe":60,"tombstone:grave_key":1,"minecraft:stone_bricks":5,"minecraft:stone_axe":4,"minecraft:golden_sword":4,"minecraft:cobblestone":4,"minecraft:potion":4,"minecraft:cooked_beef":30},"minecraft:custom":{"minecraft:mob_kills":24,"minecraft:open_barrel":10,"minecraft:eat_cake_slice":1,"minecraft:time_since_death":9226,"minecraft:climb_one_cm":3944,"minecraft:time_since_rest":9031,"minecraft:sprint_one_cm":419128,"minecraft:walk_one_cm":55139,"minecraft:damage_taken":3836,"minecraft:damage_absorbed":120,"minecraft:damage_blocked_by_shield":220,"minecraft:drop":9,"minecraft:damage_dealt":4562,"minecraft:swim_one_cm":14325,"minecraft:fly_one_cm":191616,"minecraft:open_chest":77,"minecraft:crouch_one_cm":26,"minecraft:play_time":56623,"tombstone:undead_killed":18,"minecraft:deaths":3,"minecraft:sneak_time":61,"minecraft:walk_under_water_one_cm":8556,"minecraft:jump":1227,"minecraft:walk_on_water_one_cm":9598,"minecraft:total_world_time":56623,"minecraft:fall_one_cm":31063},"minecraft:killed":{"minecraft:husk":3,"minecraft:spider":4,"minecraft:skeleton":7,"minecraft:zombie":7,"minecraft:stray":1},"minecraft:dropped":{"minecraft:cooked_beef":1,"minecraft:glass_bottle":2,"minecraft:rotten_flesh":28,"minecraft:mossy_stone_brick_stairs":1,"minecraft:diorite":2,"minecraft:iron_chestplate":1,"minecraft:iron_bars":1},"minecraft:picked_up":{"minecraft:iron_chestplate":3,"minecraft:cooked_beef":1,"paraglider:spirit_orb":28,"minecraft:golden_boots":1,"mca:book_romance":1,"minecraft:dirt":1,"minecraft:string":3,"minecraft:iron_leggings":1,"minecraft:bone":30,"minecraft:stone_bricks":7,"minecraft:red_sandstone":5,"minecraft:red_sand":1,"untamedwilds:hide_tan":2,"minecraft:mossy_stone_bricks":7,"minecraft:glass_bottle":1,"minecraft:mossy_stone_brick_stairs":1,"minecraft:tipped_arrow":1,"minecraft:torch":13,"minecraft:porkchop":3,"minecraft:nether_brick_stairs":1,"tombstone:grave_dust":8,"minecraft:diorite":2,"minecraft:mossy_cobblestone":4,"minecraft:bundle":1,"minecraft:arrow":31,"minecraft:rotten_flesh":31,"minecraft:diamond":2,"minecraft:granite":4,"minecraft:chiseled_red_sandstone":1,"minecraft:iron_bars":14,"minecraft:cobblestone":4},"minecraft:mined":{"minecraft:mossy_cobblestone":4,"minecraft:soul_sand":1,"minecraft:deepslate_diamond_ore":2,"minecraft:torch":4,"minecraft:granite":4,"minecraft:grass_block":1,"minecraft:diorite":2,"minecraft:wall_torch":8,"minecraft:spawner":15,"minecraft:red_sandstone":4,"minecraft:nether_brick_stairs":3,"minecraft:mossy_stone_brick_stairs":1,"minecraft:iron_bars":13,"minecraft:vine":5,"minecraft:gravel":1,"minecraft:stone_bricks":8,"minecraft:cut_red_sandstone":1,"minecraft:stone":4,"minecraft:netherrack":1,"minecraft:mossy_stone_bricks":7,"minecraft:oak_leaves":2}},"DataVersion":3465}