{"stats":{"minecraft:killed":{"minecraft:husk":14,"minecraft:cave_spider":1,"minecraft:pig":3,"minecraft:sheep":12,"minecraft:zombie":2,"minecraft:silverfish":4,"minecraft:cow":5},"minecraft:broken":{"minecraft:wooden_sword":1,"minecraft:wooden_axe":2},"minecraft:crafted":{"minecraft:wooden_sword":2,"minecraft:oak_planks":24,"sophisticatedbackpacks:backpack":1,"minecraft:crafting_table":4,"minecraft:spruce_planks":44,"sophisticatedbackpacks:gold_backpack":1,"minecraft:bread":36,"biomesoplenty:fir_planks":48,"minecraft:shield":1,"minecraft:stick":20,"minecraft:iron_pickaxe":1,"minecraft:wooden_axe":2,"minecraft:chest":1,"sophisticatedbackpacks:iron_backpack":1,"minecraft:wheat":585},"minecraft:dropped":{"minecraft:wheat_seeds":3,"alexsmobs:animal_dictionary":1,"sophisticatedbackpacks:backpack":1,"mca:book_romance":1,"biomesoplenty:huge_lily_pad":2,"minecraft:wooden_sword":1,"pfm:furniture_book":1},"minecraft:picked_up":{"minecraft:pink_petals":5,"minecraft:crafting_table":3,"minecraft:repeater":2,"minecraft:tripwire_hook":1,"minecraft:leather":6,"minecraft:brown_mushroom":3,"minecraft:brown_bed":7,"biomesoplenty:fir_log":12,"paraglider:spirit_orb":10,"biomesoplenty:huge_lily_pad":4,"minecraft:chain":1,"minecraft:stone_brick_stairs":2,"minecraft:oak_log":6,"minecraft:lily_pad":1,"minecraft:string":10,"minecraft:dirt":6,"minecraft:wooden_sword":1,"minecraft:sticky_piston":4,"minecraft:bone":3,"minecraft:apple":1,"minecraft:stone_bricks":26,"minecraft:wheat_seeds":7,"untamedwilds:flora_water_hyacinth_item":2,"minecraft:spruce_planks":1,"minecraft:beef":16,"minecraft:mossy_stone_bricks":3,"minecraft:melon_slice":101,"minecraft:sugar_cane":18,"minecraft:oak_planks":1,"minecraft:stick":5,"untamedwilds:flora_common_reed":1,"minecraft:torch":9,"minecraft:dandelion":1,"sophisticatedbackpacks:backpack":1,"minecraft:porkchop":10,"minecraft:sand":10,"minecraft:stone_button":1,"minecraft:cherry_log":7,"minecraft:spruce_sapling":1,"minecraft:carrot":1,"minecraft:spruce_log":11,"minecraft:stone_pressure_plate":1,"minecraft:spider_eye":1,"minecraft:dark_prismarine":2,"biomesoplenty:mahogany_log":21,"minecraft:rotten_flesh":11,"biomesoplenty:mahogany_sapling":1,"minecraft:hay_block":67,"minecraft:gray_wool":1,"minecraft:gold_ingot":16,"minecraft:melon_seeds":1,"tombstone:magic_scroll":1,"minecraft:oak_sapling":1,"minecraft:mutton":17,"minecraft:white_wool":11},"minecraft:used":{"minecraft:oak_planks":12,"minecraft:spruce_planks":36,"minecraft:iron_sword":214,"biomesoplenty:fir_planks":14,"minecraft:torch":12,"minecraft:golden_apple":1,"minecraft:sand":10,"minecraft:dirt":2,"minecraft:crafting_table":7,"minecraft:wooden_axe":135,"minecraft:melon_slice":16,"minecraft:bread":6,"minecraft:iron_pickaxe":58,"tombstone:magic_scroll":1,"tombstone:grave_key":4,"minecraft:wooden_sword":129,"minecraft:beef":16,"minecraft:hay_block":2,"minecraft:porkchop":7,"tombstone:gift":1,"alexsmobs:animal_dictionary":2,"minecraft:brown_bed":6},"minecraft:custom":{"minecraft:interact_with_smithing_table":1,"minecraft:mob_kills":42,"minecraft:interact_with_crafting_table":22,"minecraft:open_barrel":21,"minecraft:leave_game":1,"minecraft:time_since_death":17998,"minecraft:sleep_in_bed":6,"minecraft:climb_one_cm":2411,"minecraft:time_since_rest":425,"minecraft:damage_absorbed":10,"minecraft:sprint_one_cm":272373,"minecraft:damage_taken":3641,"minecraft:walk_one_cm":59098,"minecraft:drop":7,"minecraft:damage_dealt":5395,"minecraft:swim_one_cm":86760,"minecraft:fly_one_cm":308959,"minecraft:open_chest":28,"minecraft:play_time":76754,"tombstone:undead_killed":16,"minecraft:deaths":9,"minecraft:sneak_time":155,"minecraft:walk_under_water_one_cm":8307,"minecraft:jump":1664,"minecraft:walk_on_water_one_cm":44726,"minecraft:interact_with_smoker":3,"minecraft:total_world_time":76754,"minecraft:fall_one_cm":68745},"minecraft:mined":{"minecraft:piston_head":4,"minecraft:dead_fire_coral":1,"minecraft:dark_prismarine":2,"minecraft:spruce_planks":1,"minecraft:stone_pressure_plate":1,"untamedwilds:flora_water_hyacinth":2,"minecraft:dead_bubble_coral":1,"minecraft:infested_stone_bricks":2,"minecraft:torch":4,"minecraft:crafting_table":3,"untamedwilds:flora_common_reed":1,"dynamictrees:cherry_branch":17,"minecraft:grass_block":2,"minecraft:melon":22,"minecraft:spruce_leaves":3,"minecraft:sugar_cane":9,"minecraft:oak_planks":1,"minecraft:wall_torch":6,"minecraft:spawner":5,"minecraft:air":11,"minecraft:pink_petals":3,"minecraft:hay_block":67,"minecraft:chain":1,"minecraft:repeater":2,"biomesoplenty:mahogany_log":22,"minecraft:spruce_log":11,"minecraft:stone_brick_stairs":2,"biomesoplenty:fir_log":12,"minecraft:brown_bed":7,"minecraft:infested_mossy_stone_bricks":1,"minecraft:grass":20,"minecraft:vine":3,"minecraft:oak_log":6,"minecraft:dirt":4,"minecraft:cobweb":7,"minecraft:cracked_stone_bricks":1,"minecraft:tripwire_hook":1,"minecraft:stone_bricks":27,"minecraft:mossy_stone_bricks":3,"minecraft:tripwire":2,"minecraft:oak_leaves":3,"minecraft:fern":11}},"DataVersion":3465}