{"stats":{"minecraft:used":{"minecraft:red_sandstone":2,"minecraft:apple":2,"minecraft:stone_sword":89,"minecraft:stone_pickaxe":16,"minecraft:baked_potato":4,"minecraft:iron_pickaxe":18,"minecraft:iron_sword":84,"minecraft:stone_bricks":5,"minecraft:torch":26,"minecraft:golden_sword":4,"minecraft:potion":1,"minecraft:cobblestone":4,"minecraft:cooked_beef":14},"minecraft:custom":{"minecraft:time_since_rest":473,"minecraft:sprint_one_cm":220709,"minecraft:damage_taken":1914,"minecraft:walk_one_cm":31165,"minecraft:mob_kills":19,"minecraft:drop":1,"minecraft:damage_dealt":3382,"minecraft:swim_one_cm":7066,"minecraft:fly_one_cm":93062,"minecraft:open_barrel":6,"minecraft:open_chest":51,"minecraft:crouch_one_cm":26,"minecraft:play_time":28269,"tombstone:undead_killed":13,"minecraft:deaths":2,"minecraft:sneak_time":61,"minecraft:walk_under_water_one_cm":1299,"minecraft:jump":503,"minecraft:time_since_death":678,"minecraft:walk_on_water_one_cm":1222,"minecraft:total_world_time":28269,"minecraft:climb_one_cm":2306,"minecraft:fall_one_cm":11028},"minecraft:killed":{"minecraft:skeleton":6,"minecraft:husk":3,"minecraft:zombie":4,"minecraft:spider":4},"minecraft:dropped":{"minecraft:cooked_beef":1},"minecraft:picked_up":{"minecraft:tipped_arrow":1,"minecraft:iron_chestplate":2,"minecraft:cooked_beef":1,"minecraft:torch":9,"paraglider:spirit_orb":10,"minecraft:porkchop":3,"tombstone:grave_dust":6,"mca:book_romance":1,"minecraft:mossy_cobblestone":1,"minecraft:string":3,"minecraft:dirt":1,"minecraft:bundle":1,"minecraft:arrow":17,"minecraft:bone":27,"minecraft:rotten_flesh":14,"minecraft:stone_bricks":7,"minecraft:red_sandstone":5,"minecraft:red_sand":1,"minecraft:mossy_stone_bricks":2,"untamedwilds:hide_tan":2,"minecraft:chiseled_red_sandstone":1,"minecraft:iron_bars":6,"minecraft:cobblestone":4},"minecraft:mined":{"minecraft:mossy_cobblestone":1,"minecraft:red_sandstone":4,"minecraft:torch":3,"minecraft:grass_block":1,"minecraft:iron_bars":6,"minecraft:stone":4,"minecraft:cut_red_sandstone":1,"minecraft:stone_bricks":7,"minecraft:mossy_stone_bricks":2,"minecraft:oak_leaves":2,"minecraft:wall_torch":6,"minecraft:spawner":6}},"DataVersion":3465}