{"stats":{"minecraft:used":{"minecraft:stone_sword":100,"minecraft:acacia_log":33,"minecraft:light_gray_carpet":2,"minecraft:spruce_planks":8,"minecraft:shield":40,"minecraft:iron_sword":475,"minecraft:torch":33,"minecraft:chiseled_red_sandstone":1,"minecraft:dirt":15,"orcz:orcshroom":5,"minecraft:nether_bricks":3,"minecraft:granite":13,"minecraft:obsidian":2,"alexsmobs:maggot":4,"minecraft:smooth_sandstone":1,"minecraft:stone_bricks":7,"minecraft:golden_sword":4,"minecraft:bow":47,"minecraft:oak_sapling":1,"minecraft:cooked_beef":47,"minecraft:acacia_planks":32,"minecraft:calcite":5,"tombstone:scroll_of_knowledge":1,"minecraft:acacia_boat":1,"minecraft:mossy_stone_bricks":6,"minecraft:diorite":14,"minecraft:baked_potato":4,"minecraft:stone_pickaxe":16,"minecraft:cut_sandstone":5,"minecraft:sandstone":2,"tombstone:tablet_of_guard":5,"minecraft:cracked_stone_bricks":1,"minecraft:golden_apple":11,"minecraft:mossy_cobblestone":4,"minecraft:sand":22,"minecraft:crafting_table":3,"minecraft:mushroom_stew":5,"minecraft:spruce_log":4,"minecraft:dark_prismarine":4,"minecraft:red_sandstone":5,"minecraft:apple":2,"minecraft:chiseled_sandstone":5,"minecraft:dark_oak_log":3,"tombstone:tablet_of_assistance":1,"minecraft:bread":36,"minecraft:iron_pickaxe":343,"tombstone:grave_key":11,"minecraft:gravel":5,"minecraft:spruce_sapling":14,"minecraft:stone_axe":63,"minecraft:potion":4,"minecraft:cobblestone":72,"minecraft:purple_bed":5,"minecraft:porkchop":2,"minecraft:andesite":7,"minecraft:experience_bottle":4},"minecraft:custom":{"minecraft:mob_kills":67,"minecraft:interact_with_crafting_table":6,"minecraft:open_barrel":19,"goblintraders:trade_with_goblin":29,"minecraft:bell_ring":5,"minecraft:damage_dealt_resisted":49,"minecraft:eat_cake_slice":1,"minecraft:leave_game":2,"minecraft:time_since_death":43493,"minecraft:climb_one_cm":13524,"minecraft:sprint_one_cm":999560,"minecraft:walk_one_cm":145924,"minecraft:damage_blocked_by_shield":1190,"minecraft:drop":44,"minecraft:play_time":201017,"minecraft:deaths":14,"minecraft:sneak_time":614,"minecraft:walk_under_water_one_cm":15842,"minecraft:jump":4557,"minecraft:walk_on_water_one_cm":76006,"minecraft:total_world_time":201017,"tombstone:raider_killed":1,"minecraft:interact_with_loom":1,"minecraft:sleep_in_bed":5,"minecraft:time_since_rest":8694,"minecraft:damage_taken":10969,"minecraft:damage_absorbed":330,"minecraft:damage_dealt":11413,"minecraft:swim_one_cm":120531,"minecraft:fly_one_cm":890820,"minecraft:open_chest":168,"minecraft:crouch_one_cm":26,"tombstone:undead_killed":41,"minecraft:fall_one_cm":102623},"minecraft:crafted":{"croptopia:flour":30,"minecraft:wheat":387,"minecraft:crafting_table":1,"minecraft:spruce_planks":8,"minecraft:acacia_boat":1,"minecraft:bread":109,"minecraft:stick":8,"minecraft:iron_ingot":58,"minecraft:acacia_planks":52},"minecraft:killed":{"minecraft:cave_spider":2,"minecraft:spider":7,"minecraft:skeleton":14,"orcz:goblinsavagebomb":1,"orcz:orcsavagemace":1,"minecraft:husk":3,"minecraft:pig":5,"hunters_return:hunter":1,"minecraft:zombie":21,"minecraft:stray":2,"orcz:bigorcboss":1,"orcz:orcsavage_2sword":2,"minecraft:wither_skeleton":1,"orcz:orcshield":1,"minecraft:cow":3},"minecraft:dropped":{"minecraft:cooked_beef":1,"minecraft:glass_bottle":2,"minecraft:mossy_stone_brick_stairs":1,"minecraft:tropical_fish":1,"minecraft:stick":1,"minecraft:flint":1,"orcz:orceye":1,"minecraft:diorite":2,"minecraft:string":2,"minecraft:bowl":1,"minecraft:rotten_flesh":28,"minecraft:filled_map":1,"minecraft:poppy":23,"minecraft:bundle":2,"minecraft:iron_chestplate":2,"minecraft:ladder":1,"minecraft:iron_bars":1},"minecraft:broken":{"minecraft:golden_helmet":1,"minecraft:iron_boots":1,"minecraft:iron_leggings":1,"minecraft:iron_sword":1},"minecraft:killed_by":{"orcz:orcsavage_2sword":1},"minecraft:picked_up":{"minecraft:birch_door":1,"minecraft:mud":1,"minecraft:iron_chestplate":5,"minecraft:crafting_table":3,"minecraft:chicken":1,"minecraft:ladder":3,"minecraft:flower_pot":1,"minecraft:brown_mushroom":1,"minecraft:cornflower":1,"minecraft:string":10,"minecraft:dark_oak_trapdoor":3,"minecraft:smooth_stone_slab":1,"minecraft:iron_leggings":1,"minecraft:iron_shovel":1,"minecraft:cyan_carpet":2,"minecraft:cracked_stone_bricks":1,"minecraft:red_sand":1,"minecraft:cobbled_deepslate":4,"minecraft:beef":9,"minecraft:calcite":5,"minecraft:poppy":23,"minecraft:iron_pickaxe":2,"minecraft:spruce_slab":1,"biomesoplenty:wildflower":1,"minecraft:sugar_cane":7,"minecraft:tipped_arrow":1,"minecraft:stick":13,"minecraft:raw_iron":29,"minecraft:sandstone":4,"minecraft:stripped_mangrove_wood":1,"minecraft:birch_trapdoor":2,"minecraft:torch":14,"minecraft:bowl":1,"minecraft:acacia_log":53,"minecraft:spruce_fence":1,"minecraft:porkchop":14,"minecraft:diorite":16,"orcz:squigs_claws":2,"tombstone:grave_dust":11,"minecraft:mangrove_sign":1,"minecraft:redstone":4,"minecraft:dark_oak_planks":4,"minecraft:smooth_sandstone_slab":1,"minecraft:arrow":48,"minecraft:rotten_flesh":58,"minecraft:tropical_fish":2,"minecraft:nether_bricks":3,"biomesoplenty:orange_sandstone":1,"aquaculture:brown_trout":1,"orcz:orcshroom":5,"minecraft:hay_block":43,"minecraft:cod":1,"minecraft:iron_bars":20,"biomesoplenty:orange_sand":1,"minecraft:bone_block":55,"minecraft:cobblestone":79,"minecraft:cooked_beef":1,"orcz:orcteeth":29,"minecraft:glow_ink_sac":3,"minecraft:andesite":7,"minecraft:cut_sandstone":11,"minecraft:leather":3,"alexsmobs:acacia_blossom":1,"minecraft:filled_map":1,"minecraft:potato":1,"paraglider:spirit_orb":42,"minecraft:flint":1,"minecraft:stripped_spruce_wood":2,"minecraft:smooth_sandstone_stairs":1,"minecraft:golden_boots":1,"minecraft:gunpowder":2,"minecraft:cobblestone_stairs":1,"mca:book_romance":1,"minecraft:lantern":1,"minecraft:cut_sandstone_slab":1,"minecraft:dirt":19,"tombstone:familiar_receptacle":1,"minecraft:name_tag":1,"untamedwilds:food_turtle_raw":2,"minecraft:mangrove_fence":1,"minecraft:smooth_sandstone":1,"minecraft:bone":39,"minecraft:acacia_planks":2,"minecraft:stone_bricks":12,"minecraft:gray_carpet":2,"minecraft:red_sandstone":5,"minecraft:wheat_seeds":2,"minecraft:dark_oak_sign":2,"untamedwilds:hide_tan":2,"minecraft:mossy_stone_bricks":7,"minecraft:glass_bottle":1,"minecraft:flowering_azalea":1,"minecraft:acacia_sapling":3,"minecraft:mossy_stone_brick_stairs":1,"minecraft:dark_oak_stairs":5,"minecraft:book":10,"minecraft:smooth_basalt":2,"minecraft:cooked_porkchop":3,"minecraft:gravel":5,"minecraft:sand":24,"orcz:blue_orcshroom":1,"minecraft:spruce_sapling":14,"minecraft:nether_brick_stairs":4,"minecraft:spruce_log":6,"minecraft:diamond_block":1,"minecraft:dark_oak_log":3,"minecraft:chiseled_sandstone":5,"minecraft:mossy_cobblestone":4,"minecraft:dark_prismarine":6,"minecraft:bundle":4,"minecraft:purple_bed":5,"minecraft:diamond":3,"minecraft:soul_lantern":1,"minecraft:granite":14,"minecraft:painting":2,"minecraft:emerald":1,"minecraft:light_gray_carpet":2,"tombstone:magic_scroll":1,"minecraft:spruce_sign":1,"orcz:ironscrap":6,"alexsmobs:maggot":4,"minecraft:chiseled_red_sandstone":1,"minecraft:oak_sapling":1,"orcz:orceye":2,"minecraft:melon_seeds":2,"minecraft:coal":5},"minecraft:mined":{"minecraft:dark_prismarine":6,"minecraft:cut_sandstone_slab":1,"minecraft:mossy_cobblestone":4,"minecraft:deepslate_diamond_ore":3,"minecraft:cobblestone_stairs":1,"biomesoplenty:desert_grass":2,"minecraft:dark_oak_log":3,"minecraft:nether_bricks":2,"minecraft:granite":14,"biomesoplenty:bush":1,"minecraft:acacia_log":46,"minecraft:grass_block":4,"biomesoplenty:orange_sandstone":1,"biomesoplenty:dune_grass":4,"minecraft:sandstone":4,"biomesoplenty:tundra_shrub":3,"minecraft:spawner":22,"minecraft:large_fern":2,"minecraft:hay_block":43,"minecraft:red_sandstone":4,"minecraft:iron_ore":29,"minecraft:chiseled_sandstone":5,"minecraft:andesite":7,"dynamictrees:spruce_leaves":1,"minecraft:nether_brick_stairs":6,"minecraft:mossy_stone_brick_stairs":1,"minecraft:lantern":1,"minecraft:vine":5,"minecraft:iron_bars":19,"minecraft:smooth_sandstone_stairs":1,"minecraft:stone":77,"minecraft:bone_block":55,"minecraft:cut_sandstone":11,"minecraft:soul_sand":1,"biomesoplenty:orange_sand":1,"biomesoplenty:wildflower":1,"minecraft:powder_snow":58,"minecraft:soul_lantern":1,"minecraft:smooth_sandstone":1,"minecraft:crafting_table":3,"minecraft:torch":5,"minecraft:cobblestone":1,"biomesoplenty:sprout":2,"minecraft:diorite":16,"minecraft:smooth_sandstone_slab":1,"minecraft:wall_torch":8,"minecraft:purple_bed":5,"minecraft:stripped_spruce_wood":2,"minecraft:mud":1,"minecraft:ice":1,"minecraft:grass":1,"minecraft:gravel":5,"minecraft:dirt":15,"minecraft:sand":1,"minecraft:cobweb":1,"minecraft:smooth_basalt":2,"minecraft:cut_red_sandstone":1,"minecraft:acacia_planks":2,"minecraft:stone_bricks":13,"minecraft:netherrack":1,"minecraft:mossy_stone_bricks":7,"minecraft:oak_leaves":2,"minecraft:deepslate":2,"minecraft:fern":4}},"DataVersion":3465}