{"stats":{"minecraft:custom":{"minecraft:mob_kills":28,"minecraft:open_barrel":10,"minecraft:eat_cake_slice":1,"minecraft:time_since_death":12965,"minecraft:sleep_in_bed":1,"minecraft:climb_one_cm":3944,"minecraft:time_since_rest":574,"minecraft:sprint_one_cm":428627,"minecraft:walk_one_cm":57742,"minecraft:damage_taken":4098,"minecraft:damage_absorbed":120,"minecraft:damage_blocked_by_shield":245,"minecraft:drop":9,"minecraft:damage_dealt":5346,"minecraft:swim_one_cm":15730,"minecraft:fly_one_cm":205286,"minecraft:open_chest":78,"minecraft:crouch_one_cm":26,"minecraft:play_time":60362,"tombstone:undead_killed":22,"minecraft:deaths":3,"minecraft:sneak_time":61,"minecraft:walk_under_water_one_cm":8963,"minecraft:jump":1355,"minecraft:walk_on_water_one_cm":13781,"minecraft:total_world_time":60362,"minecraft:fall_one_cm":33449},"minecraft:mined":{"minecraft:mossy_cobblestone":4,"minecraft:soul_sand":1,"minecraft:deepslate_diamond_ore":2,"minecraft:torch":5,"minecraft:granite":4,"minecraft:grass_block":1,"minecraft:diorite":2,"minecraft:wall_torch":8,"minecraft:spawner":16,"minecraft:purple_bed":1,"minecraft:mud":1,"minecraft:red_sandstone":4,"minecraft:iron_ore":9,"minecraft:nether_brick_stairs":3,"minecraft:mossy_stone_brick_stairs":1,"minecraft:vine":5,"minecraft:iron_bars":13,"minecraft:gravel":1,"minecraft:stone":7,"minecraft:cut_red_sandstone":1,"minecraft:stone_bricks":8,"minecraft:netherrack":1,"minecraft:mossy_stone_bricks":7,"minecraft:oak_leaves":2},"minecraft:dropped":{"minecraft:cooked_beef":1,"minecraft:glass_bottle":2,"minecraft:rotten_flesh":28,"minecraft:mossy_stone_brick_stairs":1,"minecraft:diorite":2,"minecraft:iron_chestplate":1,"minecraft:iron_bars":1},"minecraft:picked_up":{"minecraft:mud":1,"minecraft:iron_chestplate":3,"minecraft:cooked_beef":1,"minecraft:potato":1,"paraglider:spirit_orb":30,"minecraft:golden_boots":1,"mca:book_romance":1,"minecraft:string":3,"minecraft:dirt":1,"minecraft:iron_leggings":1,"minecraft:bone":30,"minecraft:stone_bricks":7,"minecraft:red_sandstone":5,"minecraft:red_sand":1,"untamedwilds:hide_tan":2,"minecraft:mossy_stone_bricks":7,"minecraft:glass_bottle":1,"minecraft:mossy_stone_brick_stairs":1,"minecraft:tipped_arrow":1,"minecraft:raw_iron":9,"minecraft:torch":14,"minecraft:porkchop":3,"minecraft:nether_brick_stairs":1,"tombstone:grave_dust":8,"minecraft:diorite":2,"minecraft:mossy_cobblestone":4,"minecraft:bundle":1,"minecraft:arrow":31,"minecraft:rotten_flesh":36,"minecraft:diamond":2,"minecraft:granite":4,"minecraft:chiseled_red_sandstone":1,"minecraft:iron_bars":14,"minecraft:cobblestone":7},"minecraft:used":{"minecraft:mossy_stone_bricks":6,"minecraft:stone_sword":100,"minecraft:stone_pickaxe":16,"minecraft:baked_potato":4,"minecraft:shield":6,"minecraft:iron_sword":242,"minecraft:torch":33,"minecraft:golden_apple":4,"minecraft:chiseled_red_sandstone":1,"minecraft:mossy_cobblestone":4,"minecraft:granite":3,"minecraft:red_sandstone":5,"minecraft:apple":2,"minecraft:iron_pickaxe":74,"tombstone:grave_key":1,"minecraft:stone_bricks":7,"minecraft:stone_axe":4,"minecraft:potion":4,"minecraft:golden_sword":4,"minecraft:cobblestone":7,"minecraft:purple_bed":1,"minecraft:cooked_beef":31},"minecraft:killed":{"minecraft:husk":3,"minecraft:spider":4,"minecraft:skeleton":7,"minecraft:zombie":11,"minecraft:stray":1},"minecraft:broken":{"minecraft:golden_helmet":1}},"DataVersion":3465}