{"stats":{"minecraft:killed":{"minecraft:cave_spider":1,"minecraft:silverfish":4,"minecraft:husk":14,"minecraft:pig":3,"minecraft:sheep":12,"minecraft:zombie":2,"minecraft:cow":8},"minecraft:broken":{"minecraft:wooden_sword":1,"minecraft:wooden_axe":2},"minecraft:crafted":{"minecraft:brick":1,"minecraft:wooden_sword":2,"minecraft:oak_planks":68,"minecraft:furnace":1,"croptopia:toast":22,"sophisticatedbackpacks:crafting_upgrade":1,"minecraft:iron_axe":1,"minecraft:chest":2,"sophisticatedbackpacks:iron_backpack":1,"minecraft:wheat":585,"paraglider:paraglider":1,"sophisticatedbackpacks:backpack":1,"minecraft:crafting_table":6,"minecraft:spruce_planks":44,"sophisticatedbackpacks:gold_backpack":1,"minecraft:campfire":1,"sophisticatedbackpacks:upgrade_base":1,"farmersdelight:skillet":1,"minecraft:bread":195,"biomesoplenty:fir_planks":48,"minecraft:shield":1,"minecraft:stick":20,"minecraft:iron_pickaxe":1,"minecraft:wooden_axe":2},"minecraft:dropped":{"minecraft:wheat_seeds":7,"minecraft:mossy_cobblestone":6,"mca:book_romance":1,"biomesoplenty:huge_lily_pad":2,"minecraft:oak_stairs":1,"minecraft:wooden_sword":1,"alexsmobs:animal_dictionary":1,"sophisticatedbackpacks:backpack":1,"pfm:furniture_book":1},"minecraft:picked_up":{"croptopia:toast":102,"minecraft:crafting_table":5,"minecraft:clay_ball":4,"minecraft:brown_mushroom":3,"minecraft:oak_stairs":1,"minecraft:brown_bed":9,"biomesoplenty:huge_lily_pad":4,"minecraft:stone_brick_stairs":2,"minecraft:chain":1,"minecraft:string":10,"minecraft:wooden_sword":1,"minecraft:sticky_piston":4,"untamedwilds:flora_water_hyacinth_item":2,"minecraft:spruce_planks":1,"minecraft:beef":20,"minecraft:melon_slice":116,"minecraft:sugar_cane":18,"minecraft:stick":5,"untamedwilds:flora_common_reed":1,"minecraft:torch":9,"sophisticatedbackpacks:backpack":1,"minecraft:porkchop":10,"minecraft:stone_button":1,"minecraft:cherry_log":7,"minecraft:carrot":1,"minecraft:stone_pressure_plate":1,"minecraft:rotten_flesh":11,"biomesoplenty:mahogany_sapling":1,"minecraft:hay_block":67,"minecraft:gold_ingot":16,"minecraft:mutton":17,"minecraft:cobblestone":10,"minecraft:white_wool":11,"minecraft:pink_petals":5,"minecraft:repeater":2,"minecraft:tripwire_hook":1,"minecraft:leather":8,"biomesoplenty:fir_log":12,"paraglider:spirit_orb":10,"minecraft:oak_log":17,"minecraft:lily_pad":1,"minecraft:cobblestone_wall":2,"minecraft:dirt":8,"minecraft:bone":3,"minecraft:apple":1,"minecraft:stone_bricks":26,"minecraft:wheat_seeds":9,"minecraft:mossy_stone_bricks":3,"minecraft:oak_planks":2,"minecraft:dandelion":1,"minecraft:sand":10,"minecraft:spruce_sapling":1,"minecraft:spruce_log":14,"minecraft:spider_eye":1,"minecraft:mossy_cobblestone":6,"minecraft:dark_prismarine":2,"biomesoplenty:mahogany_log":21,"minecraft:gray_wool":1,"tombstone:magic_scroll":1,"minecraft:oak_sapling":2,"minecraft:melon_seeds":1},"minecraft:used":{"minecraft:spruce_planks":36,"minecraft:iron_sword":223,"minecraft:torch":12,"minecraft:dirt":4,"minecraft:cobblestone_wall":2,"minecraft:wooden_axe":135,"minecraft:iron_axe":30,"minecraft:beef":16,"minecraft:hay_block":2,"minecraft:furnace":1,"tombstone:gift":1,"minecraft:brown_bed":8,"farmersdelight:skillet":1,"minecraft:oak_planks":19,"biomesoplenty:fir_planks":14,"minecraft:golden_apple":1,"minecraft:sand":10,"minecraft:crafting_table":10,"minecraft:campfire":1,"minecraft:melon_slice":21,"minecraft:bread":8,"minecraft:iron_pickaxe":73,"tombstone:magic_scroll":1,"tombstone:grave_key":5,"minecraft:golden_leggings":1,"croptopia:toast":2,"minecraft:wooden_sword":129,"minecraft:porkchop":7,"alexsmobs:animal_dictionary":2,"minecraft:golden_pickaxe":3,"minecraft:experience_bottle":1},"minecraft:custom":{"minecraft:interact_with_smithing_table":1,"minecraft:mob_kills":45,"minecraft:interact_with_crafting_table":36,"minecraft:open_barrel":21,"minecraft:leave_game":2,"minecraft:time_since_death":25050,"minecraft:climb_one_cm":2411,"minecraft:sprint_one_cm":364809,"minecraft:walk_one_cm":74350,"minecraft:drop":15,"minecraft:play_time":110213,"minecraft:deaths":11,"minecraft:sneak_time":171,"minecraft:walk_under_water_one_cm":12984,"minecraft:jump":2165,"minecraft:walk_on_water_one_cm":52756,"minecraft:total_world_time":110213,"minecraft:interact_with_furnace":9,"minecraft:sleep_in_bed":8,"minecraft:time_since_rest":8535,"minecraft:damage_taken":4330,"minecraft:damage_absorbed":10,"minecraft:damage_dealt":5695,"minecraft:swim_one_cm":102844,"minecraft:fly_one_cm":424331,"minecraft:open_chest":38,"minecraft:crouch_one_cm":68,"tombstone:undead_killed":16,"minecraft:interact_with_smoker":11,"minecraft:fall_one_cm":82912},"minecraft:mined":{"minecraft:dark_prismarine":2,"minecraft:stone_pressure_plate":1,"minecraft:spruce_planks":1,"minecraft:dead_bubble_coral":1,"minecraft:mossy_cobblestone":6,"biomesoplenty:desert_grass":1,"dynamictrees:cherry_branch":17,"minecraft:grass_block":3,"minecraft:spruce_leaves":5,"minecraft:spawner":5,"minecraft:hay_block":67,"minecraft:brown_bed":9,"minecraft:vine":3,"minecraft:oak_stairs":1,"minecraft:stone":9,"minecraft:tripwire":2,"minecraft:piston_head":4,"minecraft:dead_fire_coral":1,"untamedwilds:flora_water_hyacinth":2,"minecraft:infested_stone_bricks":2,"minecraft:clay":1,"minecraft:crafting_table":5,"minecraft:torch":4,"untamedwilds:flora_common_reed":1,"minecraft:melon":22,"minecraft:cobblestone":1,"minecraft:sugar_cane":9,"minecraft:oak_planks":2,"minecraft:wall_torch":6,"minecraft:pink_petals":3,"minecraft:air":11,"minecraft:chain":1,"minecraft:repeater":2,"minecraft:cobblestone_wall":2,"biomesoplenty:mahogany_log":22,"minecraft:spruce_log":16,"biomesoplenty:fir_log":12,"minecraft:stone_brick_stairs":2,"minecraft:infested_mossy_stone_bricks":1,"minecraft:grass":24,"minecraft:oak_log":18,"minecraft:dirt":5,"minecraft:cobweb":7,"minecraft:cracked_stone_bricks":1,"minecraft:tripwire_hook":1,"minecraft:stone_bricks":27,"minecraft:mossy_stone_bricks":3,"minecraft:oak_leaves":3,"minecraft:fern":11}},"DataVersion":3465}