{"stats":{"minecraft:custom":{"minecraft:mob_kills":34,"minecraft:interact_with_crafting_table":6,"minecraft:open_barrel":10,"minecraft:interact_with_loom":1,"minecraft:bell_ring":5,"minecraft:eat_cake_slice":1,"minecraft:time_since_death":5875,"minecraft:sleep_in_bed":2,"minecraft:climb_one_cm":4967,"minecraft:time_since_rest":5671,"minecraft:sprint_one_cm":566350,"minecraft:walk_one_cm":79822,"minecraft:damage_taken":5790,"minecraft:damage_absorbed":240,"minecraft:damage_blocked_by_shield":535,"minecraft:drop":34,"minecraft:damage_dealt":6798,"minecraft:swim_one_cm":36697,"minecraft:fly_one_cm":319843,"minecraft:open_chest":100,"minecraft:crouch_one_cm":26,"minecraft:play_time":96362,"tombstone:undead_killed":28,"minecraft:deaths":6,"minecraft:sneak_time":81,"minecraft:walk_under_water_one_cm":12291,"minecraft:jump":1968,"minecraft:walk_on_water_one_cm":25344,"minecraft:total_world_time":96362,"minecraft:fall_one_cm":47927},"minecraft:crafted":{"minecraft:crafting_table":1,"minecraft:acacia_boat":1,"minecraft:bread":109,"minecraft:stick":8,"croptopia:flour":30,"minecraft:acacia_planks":24,"minecraft:wheat":387},"minecraft:mined":{"minecraft:cut_sandstone":11,"minecraft:cut_sandstone_slab":1,"minecraft:mossy_cobblestone":4,"minecraft:soul_sand":1,"minecraft:deepslate_diamond_ore":2,"biomesoplenty:orange_sand":1,"minecraft:cobblestone_stairs":1,"biomesoplenty:wildflower":1,"biomesoplenty:desert_grass":2,"minecraft:crafting_table":3,"minecraft:smooth_sandstone":1,"minecraft:torch":5,"minecraft:granite":8,"minecraft:acacia_log":45,"biomesoplenty:bush":1,"minecraft:grass_block":1,"biomesoplenty:sprout":2,"biomesoplenty:orange_sandstone":1,"minecraft:smooth_sandstone_slab":1,"minecraft:diorite":8,"minecraft:sandstone":4,"biomesoplenty:dune_grass":4,"minecraft:wall_torch":8,"minecraft:spawner":19,"minecraft:hay_block":43,"minecraft:purple_bed":1,"minecraft:mud":1,"minecraft:red_sandstone":4,"minecraft:iron_ore":14,"minecraft:chiseled_sandstone":5,"minecraft:nether_brick_stairs":6,"minecraft:mossy_stone_brick_stairs":1,"minecraft:vine":5,"minecraft:iron_bars":19,"minecraft:gravel":1,"minecraft:smooth_sandstone_stairs":1,"minecraft:smooth_basalt":2,"minecraft:bone_block":55,"minecraft:stone":31,"minecraft:cut_red_sandstone":1,"minecraft:stone_bricks":8,"minecraft:netherrack":1,"minecraft:mossy_stone_bricks":7,"minecraft:oak_leaves":2},"minecraft:dropped":{"minecraft:cooked_beef":1,"minecraft:glass_bottle":2,"minecraft:rotten_flesh":28,"minecraft:mossy_stone_brick_stairs":1,"minecraft:stick":1,"minecraft:poppy":23,"minecraft:diorite":2,"minecraft:iron_chestplate":2,"minecraft:iron_bars":1},"minecraft:picked_up":{"minecraft:mud":1,"minecraft:crafting_table":3,"minecraft:iron_chestplate":4,"minecraft:cooked_beef":1,"minecraft:glow_ink_sac":3,"alexsmobs:acacia_blossom":1,"minecraft:cut_sandstone":11,"minecraft:potato":1,"paraglider:spirit_orb":36,"minecraft:smooth_sandstone_stairs":1,"minecraft:golden_boots":1,"minecraft:cobblestone_stairs":1,"mca:book_romance":1,"minecraft:cut_sandstone_slab":1,"minecraft:string":3,"minecraft:dirt":1,"minecraft:iron_shovel":1,"minecraft:iron_leggings":1,"minecraft:smooth_sandstone":1,"minecraft:bone":31,"minecraft:stone_bricks":8,"minecraft:red_sandstone":5,"minecraft:red_sand":1,"biomesoplenty:wildflower":1,"untamedwilds:hide_tan":2,"minecraft:poppy":23,"minecraft:mossy_stone_bricks":7,"minecraft:iron_pickaxe":2,"minecraft:glass_bottle":1,"minecraft:acacia_sapling":3,"minecraft:mossy_stone_brick_stairs":1,"minecraft:smooth_basalt":2,"minecraft:tipped_arrow":1,"minecraft:stick":3,"minecraft:raw_iron":14,"minecraft:sandstone":4,"minecraft:acacia_log":45,"minecraft:torch":14,"minecraft:porkchop":3,"minecraft:nether_brick_stairs":4,"tombstone:grave_dust":11,"minecraft:diorite":8,"minecraft:chiseled_sandstone":5,"minecraft:mossy_cobblestone":4,"minecraft:smooth_sandstone_slab":1,"minecraft:purple_bed":1,"minecraft:bundle":2,"minecraft:arrow":36,"minecraft:rotten_flesh":48,"minecraft:diamond":2,"biomesoplenty:orange_sandstone":1,"minecraft:hay_block":43,"minecraft:granite":8,"tombstone:magic_scroll":1,"minecraft:chiseled_red_sandstone":1,"minecraft:iron_bars":20,"minecraft:bone_block":55,"biomesoplenty:orange_sand":1,"minecraft:cobblestone":31},"minecraft:used":{"minecraft:acacia_boat":1,"tombstone:scroll_of_knowledge":1,"minecraft:mossy_stone_bricks":6,"minecraft:diorite":6,"minecraft:stone_sword":100,"minecraft:stone_pickaxe":16,"minecraft:baked_potato":4,"minecraft:shield":17,"minecraft:sandstone":2,"minecraft:cut_sandstone":5,"minecraft:iron_sword":301,"minecraft:torch":33,"minecraft:golden_apple":8,"minecraft:chiseled_red_sandstone":1,"minecraft:mossy_cobblestone":4,"minecraft:crafting_table":3,"minecraft:granite":7,"minecraft:red_sandstone":5,"minecraft:apple":2,"minecraft:chiseled_sandstone":5,"minecraft:bread":2,"minecraft:smooth_sandstone":1,"minecraft:iron_pickaxe":210,"tombstone:grave_key":4,"minecraft:stone_bricks":7,"minecraft:stone_axe":55,"minecraft:potion":4,"minecraft:golden_sword":4,"minecraft:cobblestone":31,"minecraft:purple_bed":1,"minecraft:cooked_beef":38},"minecraft:killed":{"minecraft:husk":3,"minecraft:spider":4,"minecraft:skeleton":7,"minecraft:zombie":17,"minecraft:stray":1},"minecraft:broken":{"minecraft:golden_helmet":1,"minecraft:iron_boots":1,"minecraft:iron_leggings":1}},"DataVersion":3465}