{"stats":{"minecraft:custom":{"minecraft:time_since_rest":4551,"minecraft:sprint_one_cm":176837,"minecraft:damage_taken":1598,"minecraft:walk_one_cm":26109,"minecraft:mob_kills":18,"minecraft:drop":1,"minecraft:damage_dealt":3000,"minecraft:swim_one_cm":1176,"minecraft:fly_one_cm":78163,"minecraft:open_barrel":6,"minecraft:open_chest":35,"minecraft:deaths":1,"minecraft:crouch_one_cm":26,"minecraft:play_time":23045,"tombstone:undead_killed":13,"minecraft:sneak_time":61,"minecraft:walk_under_water_one_cm":787,"minecraft:jump":408,"minecraft:time_since_death":4789,"minecraft:walk_on_water_one_cm":61,"minecraft:total_world_time":23045,"minecraft:climb_one_cm":2306,"minecraft:fall_one_cm":10369},"minecraft:picked_up":{"minecraft:tipped_arrow":1,"minecraft:iron_chestplate":2,"minecraft:cooked_beef":1,"minecraft:torch":7,"minecraft:porkchop":3,"paraglider:spirit_orb":6,"tombstone:grave_dust":6,"mca:book_romance":1,"minecraft:string":2,"minecraft:dirt":1,"minecraft:bundle":1,"minecraft:arrow":17,"minecraft:bone":27,"minecraft:rotten_flesh":10,"minecraft:stone_bricks":7,"minecraft:red_sandstone":3,"untamedwilds:hide_tan":2,"minecraft:mossy_stone_bricks":1,"minecraft:chiseled_red_sandstone":1,"minecraft:iron_bars":6,"minecraft:cobblestone":4},"minecraft:dropped":{"minecraft:cooked_beef":1},"minecraft:used":{"minecraft:red_sandstone":1,"minecraft:apple":2,"minecraft:stone_sword":70,"minecraft:baked_potato":4,"minecraft:stone_pickaxe":16,"minecraft:iron_pickaxe":12,"minecraft:iron_sword":81,"minecraft:stone_bricks":5,"minecraft:golden_sword":4,"minecraft:torch":19,"minecraft:potion":1,"minecraft:cobblestone":4,"minecraft:cooked_beef":12},"minecraft:mined":{"minecraft:red_sandstone":2,"minecraft:torch":3,"minecraft:grass_block":1,"minecraft:iron_bars":6,"minecraft:stone":4,"minecraft:cut_red_sandstone":1,"minecraft:stone_bricks":7,"minecraft:mossy_stone_bricks":1,"minecraft:oak_leaves":2,"minecraft:wall_torch":4,"minecraft:spawner":4},"minecraft:killed":{"minecraft:skeleton":6,"minecraft:husk":3,"minecraft:zombie":4,"minecraft:spider":3}},"DataVersion":3465}