{"stats":{"minecraft:killed":{"minecraft:pig":3,"minecraft:sheep":12,"minecraft:zombie":2,"minecraft:cow":5},"minecraft:broken":{"minecraft:wooden_sword":1,"minecraft:wooden_axe":1},"minecraft:crafted":{"minecraft:wooden_sword":2,"minecraft:oak_planks":24,"sophisticatedbackpacks:backpack":1,"minecraft:crafting_table":4,"minecraft:spruce_planks":20,"minecraft:bread":36,"biomesoplenty:fir_planks":48,"minecraft:shield":1,"minecraft:stick":20,"minecraft:wooden_axe":2,"minecraft:chest":1,"minecraft:wheat":108},"minecraft:dropped":{"minecraft:wheat_seeds":3,"alexsmobs:animal_dictionary":1,"sophisticatedbackpacks:backpack":1,"mca:book_romance":1,"pfm:furniture_book":1},"minecraft:picked_up":{"minecraft:pink_petals":5,"minecraft:crafting_table":3,"minecraft:leather":6,"minecraft:brown_bed":3,"biomesoplenty:fir_log":12,"biomesoplenty:huge_lily_pad":1,"minecraft:oak_log":6,"minecraft:dirt":6,"minecraft:bone":3,"minecraft:apple":1,"minecraft:wheat_seeds":3,"minecraft:beef":16,"minecraft:melon_slice":70,"minecraft:oak_planks":1,"minecraft:stick":5,"sophisticatedbackpacks:backpack":1,"minecraft:porkchop":10,"minecraft:sand":4,"minecraft:cherry_log":7,"minecraft:spruce_sapling":1,"minecraft:spruce_log":11,"biomesoplenty:mahogany_log":21,"minecraft:rotten_flesh":1,"biomesoplenty:mahogany_sapling":1,"minecraft:hay_block":14,"minecraft:gray_wool":1,"minecraft:oak_sapling":1,"minecraft:mutton":17,"minecraft:white_wool":11},"minecraft:used":{"minecraft:oak_planks":12,"minecraft:spruce_planks":14,"biomesoplenty:fir_planks":14,"minecraft:dirt":2,"minecraft:crafting_table":6,"minecraft:wooden_axe":116,"minecraft:bread":3,"tombstone:grave_key":1,"minecraft:wooden_sword":126,"minecraft:beef":16,"minecraft:hay_block":2,"minecraft:porkchop":7,"tombstone:gift":1,"alexsmobs:animal_dictionary":2,"minecraft:brown_bed":2},"minecraft:custom":{"minecraft:mob_kills":23,"minecraft:interact_with_crafting_table":19,"minecraft:open_barrel":5,"minecraft:leave_game":1,"minecraft:time_since_death":1699,"minecraft:sleep_in_bed":3,"minecraft:climb_one_cm":1199,"minecraft:time_since_rest":1478,"minecraft:sprint_one_cm":185988,"minecraft:damage_taken":1321,"minecraft:walk_one_cm":38679,"minecraft:drop":5,"minecraft:damage_dealt":2254,"minecraft:swim_one_cm":20275,"minecraft:fly_one_cm":206030,"minecraft:open_chest":14,"minecraft:play_time":40754,"tombstone:undead_killed":2,"minecraft:deaths":3,"minecraft:sneak_time":51,"minecraft:walk_under_water_one_cm":1238,"minecraft:jump":1161,"minecraft:walk_on_water_one_cm":7785,"minecraft:total_world_time":40754,"minecraft:fall_one_cm":33328},"minecraft:mined":{"minecraft:crafting_table":3,"dynamictrees:cherry_branch":17,"minecraft:grass_block":2,"minecraft:melon":15,"minecraft:spruce_leaves":3,"minecraft:oak_planks":1,"minecraft:air":11,"minecraft:pink_petals":3,"minecraft:hay_block":14,"biomesoplenty:mahogany_log":22,"minecraft:spruce_log":11,"biomesoplenty:fir_log":12,"minecraft:brown_bed":3,"minecraft:grass":18,"minecraft:oak_log":6,"minecraft:dirt":4,"minecraft:oak_leaves":3,"minecraft:fern":11}},"DataVersion":3465}