{"stats":{"minecraft:custom":{"minecraft:mob_kills":28,"minecraft:open_barrel":10,"minecraft:interact_with_loom":1,"minecraft:bell_ring":5,"minecraft:eat_cake_slice":1,"minecraft:time_since_death":24965,"minecraft:sleep_in_bed":1,"minecraft:climb_one_cm":3944,"minecraft:time_since_rest":12574,"minecraft:sprint_one_cm":469426,"minecraft:walk_one_cm":65119,"minecraft:damage_taken":4188,"minecraft:damage_absorbed":120,"minecraft:damage_blocked_by_shield":245,"minecraft:drop":34,"minecraft:damage_dealt":5346,"minecraft:swim_one_cm":34362,"minecraft:fly_one_cm":250918,"minecraft:open_chest":80,"minecraft:crouch_one_cm":26,"minecraft:play_time":72362,"tombstone:undead_killed":22,"minecraft:deaths":3,"minecraft:sneak_time":81,"minecraft:walk_under_water_one_cm":9089,"minecraft:jump":1662,"minecraft:walk_on_water_one_cm":16329,"minecraft:total_world_time":72362,"minecraft:fall_one_cm":40474},"minecraft:mined":{"minecraft:cut_sandstone":11,"minecraft:cut_sandstone_slab":1,"minecraft:mossy_cobblestone":4,"minecraft:soul_sand":1,"minecraft:deepslate_diamond_ore":2,"biomesoplenty:orange_sand":1,"biomesoplenty:desert_grass":1,"minecraft:smooth_sandstone":1,"minecraft:torch":5,"minecraft:granite":8,"minecraft:acacia_log":6,"biomesoplenty:bush":1,"minecraft:grass_block":1,"biomesoplenty:sprout":2,"biomesoplenty:orange_sandstone":1,"minecraft:smooth_sandstone_slab":1,"minecraft:diorite":8,"minecraft:sandstone":4,"biomesoplenty:dune_grass":1,"minecraft:wall_torch":8,"minecraft:spawner":16,"minecraft:hay_block":30,"minecraft:purple_bed":1,"minecraft:mud":1,"minecraft:red_sandstone":4,"minecraft:iron_ore":14,"minecraft:chiseled_sandstone":5,"minecraft:nether_brick_stairs":3,"minecraft:mossy_stone_brick_stairs":1,"minecraft:vine":5,"minecraft:iron_bars":13,"minecraft:gravel":1,"minecraft:smooth_sandstone_stairs":1,"minecraft:bone_block":29,"minecraft:stone":31,"minecraft:cut_red_sandstone":1,"minecraft:stone_bricks":8,"minecraft:netherrack":1,"minecraft:mossy_stone_bricks":7,"minecraft:oak_leaves":2},"minecraft:dropped":{"minecraft:cooked_beef":1,"minecraft:glass_bottle":2,"minecraft:rotten_flesh":28,"minecraft:mossy_stone_brick_stairs":1,"minecraft:stick":1,"minecraft:poppy":23,"minecraft:diorite":2,"minecraft:iron_chestplate":2,"minecraft:iron_bars":1},"minecraft:picked_up":{"minecraft:mud":1,"minecraft:iron_chestplate":4,"minecraft:cooked_beef":1,"alexsmobs:acacia_blossom":1,"minecraft:cut_sandstone":11,"minecraft:potato":1,"paraglider:spirit_orb":30,"minecraft:smooth_sandstone_stairs":1,"minecraft:golden_boots":1,"mca:book_romance":1,"minecraft:cut_sandstone_slab":1,"minecraft:string":3,"minecraft:dirt":1,"minecraft:iron_leggings":1,"minecraft:smooth_sandstone":1,"minecraft:bone":30,"minecraft:stone_bricks":7,"minecraft:red_sandstone":5,"minecraft:red_sand":1,"untamedwilds:hide_tan":2,"minecraft:poppy":23,"minecraft:mossy_stone_bricks":7,"minecraft:iron_pickaxe":1,"minecraft:glass_bottle":1,"minecraft:acacia_sapling":1,"minecraft:mossy_stone_brick_stairs":1,"minecraft:tipped_arrow":1,"minecraft:stick":1,"minecraft:raw_iron":14,"minecraft:sandstone":4,"minecraft:acacia_log":6,"minecraft:torch":14,"minecraft:porkchop":3,"minecraft:nether_brick_stairs":1,"tombstone:grave_dust":8,"minecraft:diorite":8,"minecraft:chiseled_sandstone":5,"minecraft:mossy_cobblestone":4,"minecraft:smooth_sandstone_slab":1,"minecraft:purple_bed":1,"minecraft:bundle":1,"minecraft:arrow":31,"minecraft:rotten_flesh":37,"minecraft:diamond":2,"biomesoplenty:orange_sandstone":1,"minecraft:hay_block":30,"minecraft:granite":8,"minecraft:chiseled_red_sandstone":1,"minecraft:iron_bars":14,"minecraft:bone_block":29,"biomesoplenty:orange_sand":1,"minecraft:cobblestone":31},"minecraft:used":{"tombstone:scroll_of_knowledge":1,"minecraft:mossy_stone_bricks":6,"minecraft:diorite":6,"minecraft:stone_sword":100,"minecraft:stone_pickaxe":16,"minecraft:baked_potato":4,"minecraft:shield":6,"minecraft:sandstone":2,"minecraft:cut_sandstone":5,"minecraft:iron_sword":242,"minecraft:torch":33,"minecraft:golden_apple":4,"minecraft:chiseled_red_sandstone":1,"minecraft:mossy_cobblestone":4,"minecraft:granite":7,"minecraft:red_sandstone":5,"minecraft:apple":2,"minecraft:chiseled_sandstone":5,"minecraft:smooth_sandstone":1,"minecraft:iron_pickaxe":168,"tombstone:grave_key":1,"minecraft:stone_bricks":7,"minecraft:stone_axe":12,"minecraft:potion":4,"minecraft:golden_sword":4,"minecraft:cobblestone":31,"minecraft:purple_bed":1,"minecraft:cooked_beef":35},"minecraft:killed":{"minecraft:husk":3,"minecraft:spider":4,"minecraft:skeleton":7,"minecraft:zombie":11,"minecraft:stray":1},"minecraft:broken":{"minecraft:golden_helmet":1}},"DataVersion":3465}