{"stats":{"minecraft:broken":{"minecraft:iron_boots":1,"minecraft:iron_axe":1,"minecraft:wooden_sword":1,"minecraft:iron_sword":1,"minecraft:wooden_axe":2},"minecraft:picked_up":{"croptopia:toast":104,"minecraft:crafting_table":5,"minecraft:wheat":1,"croptopia:shrimp":1,"minecraft:azure_bluet":1,"minecraft:chicken":2,"minecraft:iron_trapdoor":1,"minecraft:clay_ball":4,"minecraft:brown_mushroom":3,"minecraft:wooden_pickaxe":1,"minecraft:oak_stairs":1,"minecraft:brown_bed":20,"minecraft:gold_block":2,"minecraft:enchanted_book":3,"biomesoplenty:huge_lily_pad":4,"minecraft:stone_brick_stairs":2,"minecraft:chain":1,"minecraft:string":13,"minecraft:wooden_sword":4,"minecraft:iron_leggings":2,"minecraft:sticky_piston":4,"minecraft:pufferfish":1,"minecraft:tnt_minecart":1,"untamedwilds:flora_water_hyacinth_item":2,"minecraft:spruce_planks":1,"minecraft:beef":24,"minecraft:oak_boat":2,"minecraft:poppy":1,"minecraft:melon_slice":116,"minecraft:sugar_cane":21,"minecraft:egg":2,"minecraft:stick":20,"minecraft:raw_iron":44,"untamedwilds:flora_common_reed":1,"minecraft:torch":48,"untamedwilds:flora_bush_temperate":1,"minecraft:spruce_stairs":1,"minecraft:spruce_fence":2,"sophisticatedbackpacks:backpack":3,"minecraft:porkchop":11,"minecraft:stone_button":3,"minecraft:cherry_log":7,"tombstone:grave_dust":2,"orcz:palisadedarkoak":1,"minecraft:carrot":1,"minecraft:stone_pressure_plate":1,"minecraft:dark_oak_planks":2,"artifacts:lucky_scarf":1,"minecraft:arrow":10,"minecraft:rotten_flesh":27,"biomesoplenty:mahogany_sapling":1,"minecraft:hay_block":67,"minecraft:gold_ingot":16,"minecraft:oxeye_daisy":1,"minecraft:iron_bars":1,"minecraft:mutton":18,"minecraft:cobblestone":98,"minecraft:white_wool":12,"minecraft:nautilus_shell":1,"minecraft:pink_petals":5,"minecraft:cooked_beef":3,"minecraft:feather":3,"minecraft:lilac":3,"orcz:orcteeth":2,"minecraft:repeater":2,"minecraft:tripwire_hook":1,"minecraft:leather":12,"biomesoplenty:fir_sapling":4,"minecraft:red_mushroom":1,"biomesoplenty:fir_log":24,"paraglider:spirit_orb":14,"minecraft:oak_log":20,"minecraft:lily_pad":1,"minecraft:gunpowder":2,"minecraft:cobblestone_wall":2,"minecraft:dirt":19,"tombstone:gift":1,"minecraft:bone":8,"minecraft:apple":4,"minecraft:stone_bricks":32,"minecraft:kelp":5,"minecraft:wheat_seeds":14,"minecraft:iron_ingot":4,"minecraft:cooked_chicken":4,"aquaculture:minnow":1,"minecraft:mossy_stone_bricks":3,"minecraft:mangrove_planks":1,"minecraft:iron_sword":1,"minecraft:oak_planks":2,"alexsmobs:fish_bones":1,"minecraft:dandelion":1,"orcz:orcagaric":1,"minecraft:gravel":1,"minecraft:sand":27,"minecraft:stripped_spruce_log":1,"minecraft:spruce_sapling":1,"minecraft:spruce_log":18,"minecraft:spider_eye":3,"minecraft:mossy_cobblestone":6,"minecraft:dark_prismarine":2,"untamedwilds:hide_gray":3,"biomesoplenty:mahogany_log":21,"minecraft:purple_bed":5,"minecraft:diamond":1,"minecraft:damaged_anvil":1,"minecraft:granite":10,"minecraft:golden_apple":1,"minecraft:emerald":2,"minecraft:gray_wool":1,"orcz:orceye":1,"alexsmobs:maggot":1,"tombstone:magic_scroll":2,"minecraft:oak_sapling":3,"minecraft:dark_oak_fence":1,"minecraft:melon_seeds":1,"minecraft:coal":14},"minecraft:used":{"minecraft:spruce_planks":64,"minecraft:iron_sword":292,"minecraft:torch":48,"minecraft:dirt":12,"minecraft:cobblestone_wall":2,"minecraft:granite":10,"minecraft:wooden_axe":135,"biomesoplenty:fir_sapling":2,"minecraft:iron_axe":183,"orcz:orcagaric":1,"minecraft:stone_bricks":6,"minecraft:bow":16,"minecraft:beef":19,"minecraft:hay_block":2,"minecraft:furnace":1,"tombstone:gift":2,"minecraft:egg":2,"minecraft:brown_bed":19,"farmersdelight:skillet":1,"minecraft:mangrove_planks":1,"minecraft:oak_planks":42,"biomesoplenty:fir_planks":14,"minecraft:golden_apple":1,"minecraft:sand":26,"minecraft:crafting_table":10,"minecraft:campfire":1,"minecraft:melon_slice":21,"minecraft:bread":8,"minecraft:suspicious_stew":1,"minecraft:stone_button":1,"minecraft:iron_pickaxe":234,"tombstone:magic_scroll":1,"tombstone:grave_key":6,"minecraft:gravel":1,"minecraft:golden_leggings":1,"croptopia:toast":42,"minecraft:fishing_rod":32,"minecraft:wooden_sword":129,"minecraft:cobblestone":73,"minecraft:purple_bed":4,"minecraft:porkchop":7,"biomesoplenty:fir_log":12,"minecraft:oak_boat":3,"alexsmobs:animal_dictionary":2,"minecraft:golden_pickaxe":3,"minecraft:experience_bottle":1},"minecraft:custom":{"minecraft:interact_with_smithing_table":1,"minecraft:interact_with_anvil":1,"minecraft:mob_kills":69,"minecraft:interact_with_crafting_table":36,"minecraft:open_barrel":45,"minecraft:leave_game":4,"minecraft:time_since_death":3893,"minecraft:climb_one_cm":16954,"minecraft:sprint_one_cm":882793,"minecraft:walk_one_cm":157705,"minecraft:drop":73,"minecraft:damage_dealt_absorbed":80,"minecraft:play_time":275909,"minecraft:deaths":19,"minecraft:sneak_time":1150,"minecraft:walk_under_water_one_cm":50447,"minecraft:boat_one_cm":139125,"minecraft:jump":5945,"minecraft:walk_on_water_one_cm":97599,"minecraft:total_world_time":275909,"minecraft:interact_with_furnace":10,"tombstone:raider_killed":2,"minecraft:sleep_in_bed":21,"minecraft:time_since_rest":3561,"minecraft:damage_taken":9551,"minecraft:damage_absorbed":10,"minecraft:damage_dealt":9039,"minecraft:swim_one_cm":265862,"minecraft:fly_one_cm":1260760,"minecraft:open_chest":87,"minecraft:crouch_one_cm":634,"tombstone:undead_killed":24,"minecraft:fish_caught":3,"minecraft:interact_with_smoker":11,"minecraft:fall_one_cm":188966},"minecraft:mined":{"minecraft:dark_prismarine":2,"minecraft:stone_pressure_plate":1,"minecraft:spruce_planks":1,"minecraft:dead_bubble_coral":1,"minecraft:mossy_cobblestone":7,"minecraft:deepslate_diamond_ore":1,"biomesoplenty:desert_grass":1,"dynamictrees:cherry_branch":17,"minecraft:dark_oak_fence":1,"biomesoplenty:bush":1,"minecraft:spruce_fence":1,"minecraft:grass_block":11,"minecraft:brown_mushroom_block":2,"minecraft:spruce_leaves":6,"minecraft:oxeye_daisy":1,"minecraft:spawner":7,"minecraft:hay_block":67,"minecraft:iron_ore":42,"minecraft:fire":5,"minecraft:stripped_spruce_log":1,"minecraft:azure_bluet":1,"minecraft:gold_block":2,"minecraft:brown_bed":20,"minecraft:vine":3,"minecraft:iron_bars":1,"minecraft:oak_stairs":1,"minecraft:packed_ice":1,"minecraft:stone":78,"minecraft:tripwire":2,"minecraft:piston_head":4,"minecraft:dead_fire_coral":1,"untamedwilds:flora_water_hyacinth":2,"minecraft:infested_stone_bricks":2,"minecraft:powder_snow":30,"minecraft:clay":1,"minecraft:crafting_table":5,"untamedwilds:flora_bush_temperate":2,"minecraft:torch":25,"untamedwilds:flora_common_reed":1,"minecraft:melon":22,"minecraft:chest":1,"minecraft:mushroom_stem":1,"minecraft:cobblestone":11,"minecraft:sugar_cane":10,"minecraft:oak_planks":2,"minecraft:damaged_anvil":1,"minecraft:wall_torch":15,"minecraft:pink_petals":3,"minecraft:air":11,"minecraft:spruce_stairs":1,"minecraft:chain":1,"minecraft:purple_bed":5,"minecraft:repeater":2,"minecraft:cobblestone_wall":2,"biomesoplenty:mahogany_log":22,"minecraft:spruce_log":20,"betterarcheology:rotten_planks":1,"biomesoplenty:fir_log":28,"minecraft:stone_brick_stairs":2,"minecraft:grass":36,"minecraft:infested_mossy_stone_bricks":1,"minecraft:coal_ore":14,"minecraft:oak_log":21,"minecraft:gravel":1,"minecraft:dirt":12,"biomesoplenty:fir_sapling":2,"minecraft:cobweb":10,"minecraft:cracked_stone_bricks":1,"minecraft:tripwire_hook":1,"minecraft:stone_bricks":35,"minecraft:iron_trapdoor":1,"minecraft:mossy_stone_bricks":3,"minecraft:oak_leaves":3,"minecraft:fern":22,"minecraft:dark_oak_planks":2},"minecraft:killed":{"minecraft:cave_spider":2,"minecraft:spider":3,"minecraft:silverfish":4,"alexsmobs:skelewag":1,"minecraft:husk":14,"minecraft:pig":4,"hunters_return:hunter":2,"minecraft:creeper":1,"untamedwilds:big_cat":1,"minecraft:sheep":13,"minecraft:zombie":9,"alexsmobs:gazelle":1,"minecraft:cow":10},"minecraft:crafted":{"minecraft:brick":1,"minecraft:wooden_sword":2,"minecraft:oak_planks":80,"minecraft:furnace":1,"croptopia:toast":22,"sophisticatedbackpacks:crafting_upgrade":1,"minecraft:iron_axe":2,"minecraft:chest":2,"sophisticatedbackpacks:iron_backpack":1,"minecraft:wheat":585,"paraglider:paraglider":1,"sophisticatedbackpacks:backpack":1,"minecraft:crafting_table":6,"minecraft:spruce_planks":72,"minecraft:iron_sword":1,"sophisticatedbackpacks:gold_backpack":1,"minecraft:campfire":1,"sophisticatedbackpacks:upgrade_base":1,"farmersdelight:skillet":1,"minecraft:bread":195,"biomesoplenty:fir_planks":48,"minecraft:oak_boat":1,"minecraft:shield":1,"minecraft:stick":20,"minecraft:iron_pickaxe":1,"minecraft:wooden_axe":2,"minecraft:torch":4},"minecraft:dropped":{"minecraft:enchanted_book":3,"minecraft:wheat_seeds":12,"minecraft:mossy_cobblestone":6,"minecraft:feather":2,"minecraft:cobblestone":9,"artifacts:anglers_hat":1,"biomesoplenty:fir_sapling":2,"minecraft:pufferfish":1,"minecraft:dirt":2,"mca:book_romance":1,"minecraft:stone_button":2,"minecraft:dark_oak_fence":1,"minecraft:tnt_minecart":1,"biomesoplenty:huge_lily_pad":2,"minecraft:iron_leggings":2,"minecraft:oak_stairs":1,"minecraft:wooden_sword":1,"minecraft:sand":4,"paraglider:paraglider":1,"minecraft:kelp":5,"minecraft:sugar_cane":3,"croptopia:toast":14,"alexsmobs:animal_dictionary":1,"minecraft:bowl":1,"sophisticatedbackpacks:backpack":3,"minecraft:azure_bluet":1,"orcz:orcteeth":2,"minecraft:oak_sapling":1,"minecraft:stone_pressure_plate":1,"minecraft:spider_eye":2,"pfm:furniture_book":1}},"DataVersion":3465}