{"stats":{"minecraft:used":{"minecraft:red_sandstone":5,"minecraft:apple":2,"minecraft:stone_sword":94,"minecraft:stone_pickaxe":16,"minecraft:baked_potato":4,"minecraft:iron_pickaxe":36,"minecraft:shield":3,"minecraft:iron_sword":192,"minecraft:golden_apple":3,"minecraft:stone_bricks":5,"minecraft:stone_axe":4,"minecraft:torch":33,"minecraft:golden_sword":4,"minecraft:potion":3,"minecraft:cobblestone":4,"minecraft:cooked_beef":25},"minecraft:custom":{"minecraft:time_since_rest":12473,"minecraft:damage_absorbed":80,"minecraft:sprint_one_cm":307973,"minecraft:damage_taken":3202,"minecraft:walk_one_cm":42469,"minecraft:damage_blocked_by_shield":145,"minecraft:mob_kills":23,"minecraft:drop":2,"minecraft:damage_dealt":4182,"minecraft:swim_one_cm":9641,"minecraft:fly_one_cm":120698,"minecraft:open_barrel":6,"minecraft:open_chest":63,"minecraft:crouch_one_cm":26,"minecraft:play_time":40269,"tombstone:undead_killed":17,"minecraft:deaths":2,"minecraft:sneak_time":61,"minecraft:walk_under_water_one_cm":4412,"minecraft:jump":787,"minecraft:time_since_death":12678,"minecraft:walk_on_water_one_cm":2268,"minecraft:total_world_time":40269,"minecraft:climb_one_cm":2306,"minecraft:fall_one_cm":19714},"minecraft:killed":{"minecraft:skeleton":7,"minecraft:husk":3,"minecraft:zombie":7,"minecraft:spider":4},"minecraft:dropped":{"minecraft:cooked_beef":1,"minecraft:glass_bottle":1},"minecraft:picked_up":{"minecraft:tipped_arrow":1,"minecraft:iron_chestplate":2,"minecraft:cooked_beef":1,"minecraft:torch":11,"paraglider:spirit_orb":20,"minecraft:porkchop":3,"minecraft:nether_brick_stairs":1,"tombstone:grave_dust":8,"mca:book_romance":1,"minecraft:diamond":2,"minecraft:mossy_cobblestone":1,"minecraft:string":3,"minecraft:dirt":1,"minecraft:iron_leggings":1,"minecraft:bundle":1,"minecraft:arrow":20,"minecraft:bone":28,"minecraft:rotten_flesh":17,"minecraft:stone_bricks":7,"minecraft:red_sandstone":5,"minecraft:red_sand":1,"minecraft:glass_bottle":1,"minecraft:mossy_stone_bricks":2,"untamedwilds:hide_tan":2,"minecraft:chiseled_red_sandstone":1,"minecraft:iron_bars":12,"minecraft:cobblestone":4},"minecraft:mined":{"minecraft:soul_sand":1,"minecraft:mossy_cobblestone":1,"minecraft:deepslate_diamond_ore":2,"minecraft:red_sandstone":4,"minecraft:nether_brick_stairs":3,"minecraft:torch":4,"minecraft:grass_block":1,"minecraft:iron_bars":12,"minecraft:netherrack":1,"minecraft:stone":4,"minecraft:cut_red_sandstone":1,"minecraft:stone_bricks":7,"minecraft:mossy_stone_bricks":2,"minecraft:oak_leaves":2,"minecraft:wall_torch":7,"minecraft:spawner":11}},"DataVersion":3465}