{"stats":{"minecraft:killed":{"minecraft:sheep":11,"minecraft:pig":2,"minecraft:cow":5},"minecraft:broken":{"minecraft:wooden_axe":1,"minecraft:wooden_sword":1},"minecraft:crafted":{"biomesoplenty:fir_planks":48,"minecraft:wooden_sword":2,"minecraft:oak_planks":24,"sophisticatedbackpacks:backpack":1,"minecraft:crafting_table":3,"minecraft:stick":4,"minecraft:wooden_axe":2,"minecraft:chest":1},"minecraft:dropped":{"mca:book_romance":1,"alexsmobs:animal_dictionary":1,"pfm:furniture_book":1,"sophisticatedbackpacks:backpack":1},"minecraft:picked_up":{"minecraft:stick":5,"minecraft:crafting_table":2,"minecraft:leather":6,"minecraft:brown_bed":2,"sophisticatedbackpacks:backpack":1,"biomesoplenty:fir_log":12,"minecraft:porkchop":5,"minecraft:oak_log":6,"minecraft:cherry_log":7,"minecraft:spruce_sapling":1,"minecraft:spruce_log":11,"minecraft:dirt":6,"minecraft:bone":3,"minecraft:apple":1,"minecraft:hay_block":13,"minecraft:beef":16,"minecraft:gray_wool":1,"minecraft:oak_sapling":1,"minecraft:mutton":16,"minecraft:oak_planks":1,"minecraft:white_wool":10,"minecraft:pink_petals":5},"minecraft:used":{"minecraft:wooden_axe":72,"minecraft:oak_planks":12,"biomesoplenty:fir_planks":14,"minecraft:wooden_sword":76,"minecraft:dirt":2,"minecraft:beef":16,"minecraft:hay_block":1,"minecraft:crafting_table":5,"minecraft:porkchop":3,"tombstone:gift":1,"alexsmobs:animal_dictionary":2,"minecraft:brown_bed":1},"minecraft:custom":{"minecraft:time_since_rest":2878,"minecraft:sprint_one_cm":131273,"minecraft:damage_taken":796,"minecraft:walk_one_cm":32895,"minecraft:mob_kills":19,"minecraft:drop":4,"minecraft:damage_dealt":1688,"minecraft:swim_one_cm":13163,"minecraft:interact_with_crafting_table":11,"minecraft:fly_one_cm":134812,"minecraft:open_barrel":5,"minecraft:open_chest":9,"minecraft:play_time":28977,"minecraft:deaths":2,"minecraft:walk_under_water_one_cm":876,"minecraft:jump":827,"minecraft:leave_game":1,"minecraft:walk_on_water_one_cm":1398,"minecraft:time_since_death":3143,"minecraft:sleep_in_bed":2,"minecraft:climb_one_cm":522,"minecraft:total_world_time":28977,"minecraft:fall_one_cm":26621},"minecraft:mined":{"minecraft:pink_petals":3,"minecraft:air":11,"minecraft:hay_block":13,"minecraft:spruce_log":11,"dynamictrees:cherry_branch":17,"biomesoplenty:fir_log":12,"minecraft:crafting_table":2,"minecraft:brown_bed":2,"minecraft:grass":12,"minecraft:grass_block":2,"minecraft:oak_log":6,"minecraft:dirt":4,"minecraft:spruce_leaves":3,"minecraft:oak_planks":1,"minecraft:oak_leaves":3}},"DataVersion":3465}