{"stats":{"minecraft:killed":{"minecraft:husk":13,"minecraft:cave_spider":1,"minecraft:pig":3,"minecraft:sheep":12,"minecraft:zombie":2,"minecraft:cow":5},"minecraft:broken":{"minecraft:wooden_sword":1,"minecraft:wooden_axe":1},"minecraft:crafted":{"minecraft:wooden_sword":2,"minecraft:oak_planks":24,"sophisticatedbackpacks:backpack":1,"minecraft:crafting_table":4,"minecraft:spruce_planks":44,"sophisticatedbackpacks:gold_backpack":1,"minecraft:bread":36,"biomesoplenty:fir_planks":48,"minecraft:shield":1,"minecraft:stick":20,"minecraft:iron_pickaxe":1,"minecraft:wooden_axe":2,"minecraft:chest":1,"sophisticatedbackpacks:iron_backpack":1,"minecraft:wheat":108},"minecraft:dropped":{"minecraft:wheat_seeds":3,"alexsmobs:animal_dictionary":1,"sophisticatedbackpacks:backpack":1,"mca:book_romance":1,"biomesoplenty:huge_lily_pad":2,"minecraft:wooden_sword":1,"pfm:furniture_book":1},"minecraft:picked_up":{"minecraft:pink_petals":5,"minecraft:crafting_table":3,"minecraft:tripwire_hook":1,"minecraft:leather":6,"minecraft:brown_mushroom":3,"minecraft:brown_bed":6,"biomesoplenty:fir_log":12,"paraglider:spirit_orb":10,"biomesoplenty:huge_lily_pad":4,"minecraft:stone_brick_stairs":2,"minecraft:oak_log":6,"minecraft:lily_pad":1,"minecraft:string":10,"minecraft:dirt":6,"minecraft:wooden_sword":1,"minecraft:bone":3,"minecraft:apple":1,"minecraft:stone_bricks":4,"minecraft:wheat_seeds":3,"untamedwilds:flora_water_hyacinth_item":2,"minecraft:spruce_planks":1,"minecraft:beef":16,"minecraft:mossy_stone_bricks":1,"minecraft:melon_slice":70,"minecraft:sugar_cane":18,"minecraft:oak_planks":1,"minecraft:stick":5,"untamedwilds:flora_common_reed":1,"minecraft:torch":6,"minecraft:dandelion":1,"sophisticatedbackpacks:backpack":1,"minecraft:porkchop":10,"minecraft:sand":10,"minecraft:stone_button":1,"minecraft:cherry_log":7,"minecraft:spruce_sapling":1,"minecraft:carrot":1,"minecraft:spruce_log":11,"minecraft:stone_pressure_plate":1,"minecraft:spider_eye":1,"minecraft:dark_prismarine":2,"biomesoplenty:mahogany_log":21,"minecraft:rotten_flesh":11,"biomesoplenty:mahogany_sapling":1,"minecraft:hay_block":14,"minecraft:gray_wool":1,"minecraft:gold_ingot":16,"tombstone:magic_scroll":1,"minecraft:oak_sapling":1,"minecraft:mutton":17,"minecraft:white_wool":11},"minecraft:used":{"minecraft:oak_planks":12,"minecraft:spruce_planks":31,"minecraft:iron_sword":175,"biomesoplenty:fir_planks":14,"minecraft:torch":8,"minecraft:sand":10,"minecraft:dirt":2,"minecraft:crafting_table":7,"minecraft:wooden_axe":117,"minecraft:melon_slice":6,"minecraft:bread":6,"minecraft:iron_pickaxe":30,"tombstone:magic_scroll":1,"tombstone:grave_key":4,"minecraft:wooden_sword":129,"minecraft:beef":16,"minecraft:hay_block":2,"minecraft:porkchop":7,"tombstone:gift":1,"alexsmobs:animal_dictionary":2,"minecraft:brown_bed":5},"minecraft:custom":{"minecraft:mob_kills":37,"minecraft:interact_with_crafting_table":22,"minecraft:open_barrel":21,"minecraft:leave_game":1,"minecraft:time_since_death":5998,"minecraft:sleep_in_bed":5,"minecraft:climb_one_cm":1377,"minecraft:time_since_rest":1324,"minecraft:sprint_one_cm":224121,"minecraft:damage_taken":3311,"minecraft:walk_one_cm":52327,"minecraft:drop":7,"minecraft:damage_dealt":4928,"minecraft:swim_one_cm":79751,"minecraft:fly_one_cm":258180,"minecraft:open_chest":27,"minecraft:play_time":64754,"tombstone:undead_killed":15,"minecraft:deaths":9,"minecraft:sneak_time":151,"minecraft:walk_under_water_one_cm":8029,"minecraft:jump":1488,"minecraft:walk_on_water_one_cm":38557,"minecraft:total_world_time":64754,"minecraft:fall_one_cm":38625},"minecraft:mined":{"minecraft:dead_fire_coral":1,"minecraft:dark_prismarine":2,"minecraft:spruce_planks":1,"minecraft:stone_pressure_plate":1,"untamedwilds:flora_water_hyacinth":2,"minecraft:dead_bubble_coral":1,"minecraft:torch":2,"minecraft:crafting_table":3,"untamedwilds:flora_common_reed":1,"dynamictrees:cherry_branch":17,"minecraft:grass_block":2,"minecraft:melon":15,"minecraft:spruce_leaves":3,"minecraft:sugar_cane":9,"minecraft:oak_planks":1,"minecraft:wall_torch":5,"minecraft:spawner":5,"minecraft:air":11,"minecraft:pink_petals":3,"minecraft:hay_block":14,"minecraft:chain":1,"biomesoplenty:mahogany_log":22,"minecraft:spruce_log":11,"minecraft:stone_brick_stairs":2,"biomesoplenty:fir_log":12,"minecraft:brown_bed":6,"minecraft:grass":18,"minecraft:vine":3,"minecraft:oak_log":6,"minecraft:dirt":4,"minecraft:cobweb":7,"minecraft:tripwire_hook":1,"minecraft:stone_bricks":5,"minecraft:mossy_stone_bricks":1,"minecraft:tripwire":2,"minecraft:oak_leaves":3,"minecraft:fern":11}},"DataVersion":3465}