{"stats":{"minecraft:broken":{"minecraft:golden_leggings":1,"minecraft:golden_sword":1},"minecraft:picked_up":{"croptopia:toast":12,"minecraft:crafting_table":5,"minecraft:chicken":1,"croptopia:grape_seed":1,"untamedwilds:hide_ashen":3,"minecraft:wooden_pickaxe":1,"biomesoplenty:huge_lily_pad":1,"minecraft:string":13,"minecraft:cobbled_deepslate":6,"minecraft:spruce_planks":8,"minecraft:beef":2,"minecraft:melon_slice":22,"minecraft:mangrove_log":6,"minecraft:raw_iron":3,"dynamictrees:mangrove_seed":3,"minecraft:stick":6,"untamedwilds:flora_common_reed":1,"minecraft:spruce_fence":2,"sophisticatedbackpacks:backpack":2,"tombstone:grave_dust":1,"minecraft:diorite":14,"orcz:palisadedarkoak":2,"minecraft:dark_oak_planks":2,"croptopia:grape":1,"minecraft:orange_bed":3,"minecraft:arrow":6,"minecraft:rotten_flesh":1,"minecraft:mangrove_roots":4,"minecraft:mutton":26,"biomesoplenty:orange_cosmos":1,"minecraft:white_wool":12,"minecraft:cobblestone":98,"paraglider:paraglider":1,"biomesoplenty:lavender":1,"minecraft:feather":5,"minecraft:cooked_beef":2,"minecraft:leather":1,"minecraft:dark_oak_boat":1,"biomesoplenty:fir_sapling":1,"minecraft:stripped_spruce_wood":2,"minecraft:oak_log":15,"minecraft:dirt":3,"tombstone:gift":1,"minecraft:bone":11,"untamedwilds:material_fat":2,"minecraft:wheat_seeds":3,"minecraft:cooked_chicken":3,"minecraft:gravel":1,"minecraft:sand":6,"minecraft:white_bed":13,"minecraft:dark_oak_log":3,"minecraft:stone_axe":1,"minecraft:granite":5,"minecraft:emerald":2,"minecraft:oak_sapling":3,"minecraft:dark_oak_fence":2},"minecraft:used":{"minecraft:flint_and_steel":62,"minecraft:spruce_planks":1,"minecraft:iron_sword":124,"biomesoplenty:orange_cosmos":1,"minecraft:cooked_chicken":3,"minecraft:orange_bed":3,"minecraft:torch":4,"minecraft:dirt":2,"minecraft:mutton":2,"orcz:palisadedarkoak":1,"minecraft:spruce_fence":2,"minecraft:golden_sword":40,"minecraft:bow":23,"minecraft:beef":2,"minecraft:dark_oak_boat":1,"minecraft:mangrove_roots":2,"minecraft:oak_sapling":1,"untamedwilds:material_fat":2,"minecraft:cooked_beef":19,"minecraft:cobbled_deepslate":6,"croptopia:grape":1,"minecraft:oak_planks":1,"minecraft:wooden_pickaxe":9,"untamedwilds:flora_common_reed":1,"minecraft:golden_apple":3,"minecraft:sand":3,"minecraft:crafting_table":6,"minecraft:white_bed":13,"minecraft:cod":1,"minecraft:oak_log":5,"minecraft:diamond_pickaxe":5,"minecraft:diamond_shovel":5,"minecraft:melon_slice":22,"minecraft:bread":2,"minecraft:suspicious_stew":1,"minecraft:iron_pickaxe":152,"tombstone:grave_key":2,"minecraft:golden_leggings":1,"minecraft:stone_axe":103,"croptopia:toast":19,"minecraft:cobblestone":10,"minecraft:dark_oak_fence":2},"minecraft:custom":{"minecraft:interact_with_anvil":1,"minecraft:mob_kills":34,"minecraft:interact_with_crafting_table":10,"minecraft:open_barrel":21,"minecraft:damage_dealt_resisted":180,"minecraft:leave_game":7,"minecraft:time_since_death":24877,"minecraft:climb_one_cm":20358,"minecraft:sprint_one_cm":606509,"minecraft:walk_one_cm":64999,"minecraft:drop":17,"minecraft:damage_dealt_absorbed":40,"minecraft:play_time":148184,"minecraft:deaths":2,"minecraft:sneak_time":4,"minecraft:walk_under_water_one_cm":8350,"minecraft:jump":4060,"minecraft:walk_on_water_one_cm":31575,"minecraft:total_world_time":148184,"tombstone:raider_killed":5,"minecraft:sleep_in_bed":15,"minecraft:time_since_rest":593,"minecraft:damage_taken":3469,"minecraft:damage_absorbed":113,"minecraft:damage_dealt":4863,"minecraft:swim_one_cm":95839,"minecraft:fly_one_cm":1240285,"minecraft:open_chest":41,"tombstone:undead_killed":5,"tombstone:villager_killed":1,"minecraft:fall_one_cm":256757},"minecraft:mined":{"minecraft:dark_oak_planks":3,"biomesoplenty:spanish_moss":3,"minecraft:spruce_planks":8,"biomesoplenty:watergrass":7,"minecraft:white_bed":13,"minecraft:dark_oak_log":5,"orcz:palisadedarkoak":2,"minecraft:granite":23,"minecraft:dark_oak_fence":3,"minecraft:spruce_fence":3,"minecraft:grass_block":6,"minecraft:tall_seagrass":12,"biomesoplenty:orange_cosmos":1,"minecraft:iron_ore":5,"biomesoplenty:lavender":1,"minecraft:andesite":1,"biomesoplenty:hanging_cobweb":1,"dynamictrees:oak_branch":11,"biomesoplenty:webbing":2,"biomesoplenty:barley":34,"minecraft:stone":99,"minecraft:orange_bed":3,"minecraft:powder_snow":18,"minecraft:crafting_table":5,"minecraft:melon":4,"minecraft:copper_ore":3,"minecraft:tall_grass":6,"minecraft:cobblestone":3,"minecraft:diorite":14,"minecraft:air":7,"minecraft:seagrass":6,"untamedwilds:block_burrow":4,"minecraft:stripped_spruce_wood":2,"biomesoplenty:spanish_moss_plant":4,"biomesoplenty:fir_log":4,"minecraft:grass":31,"minecraft:oak_log":16,"minecraft:gravel":1,"minecraft:sand":3,"minecraft:cobweb":13,"biomesoplenty:stringy_cobweb":1,"minecraft:deepslate":16,"minecraft:fern":8},"minecraft:killed":{"minecraft:witch":1,"minecraft:spider":1,"minecraft:skeleton":3,"orcz:orcsavagemace":1,"hunters_return:hunter":4,"minecraft:sheep":12,"minecraft:zombie":2,"orcz:bigorcboss":1,"mca:female_villager":1,"untamedwilds:rhino":1,"orcz:snot":1,"orcz:orcshield":1},"minecraft:crafted":{"minecraft:oak_planks":8,"minecraft:dark_oak_boat":1,"minecraft:dark_oak_planks":12,"minecraft:golden_sword":1,"minecraft:crafting_table":2,"minecraft:wooden_pickaxe":1,"minecraft:iron_sword":1,"minecraft:mangrove_planks":24,"minecraft:stone_axe":1,"minecraft:stick":8,"minecraft:iron_pickaxe":1,"minecraft:white_bed":1},"minecraft:dropped":{"minecraft:golden_apple":1,"minecraft:dirt":1,"mca:book_romance":1,"minecraft:sand":2,"minecraft:bone":1,"minecraft:stone_axe":2,"minecraft:mangrove_roots":2,"alexsmobs:animal_dictionary":1,"tombstone:gift":1,"minecraft:rotten_flesh":1,"minecraft:flint_and_steel":1,"pfm:furniture_book":1,"minecraft:arrow":1,"minecraft:wooden_pickaxe":2}},"DataVersion":3465}