{"stats":{"minecraft:custom":{"minecraft:time_since_rest":12574,"minecraft:sprint_one_cm":65603,"minecraft:damage_absorbed":10,"minecraft:damage_taken":627,"minecraft:walk_one_cm":6354,"minecraft:mob_kills":7,"minecraft:drop":3,"minecraft:damage_dealt":604,"minecraft:swim_one_cm":1808,"minecraft:fly_one_cm":63672,"minecraft:open_chest":16,"minecraft:play_time":14477,"tombstone:undead_killed":4,"minecraft:walk_under_water_one_cm":375,"minecraft:jump":202,"minecraft:walk_on_water_one_cm":1197,"minecraft:time_since_death":14477,"minecraft:sleep_in_bed":1,"minecraft:total_world_time":14477,"minecraft:fall_one_cm":15072},"minecraft:mined":{"minecraft:redstone_block":2,"minecraft:powder_snow":5,"minecraft:brewing_stand":1,"minecraft:potted_poppy":1,"minecraft:grass":5,"minecraft:grass_block":1,"minecraft:iron_bars":6,"minecraft:dirt":1,"minecraft:stone":4,"minecraft:stone_bricks":1,"biomesoplenty:tundra_shrub":1,"minecraft:redstone_lamp":4,"minecraft:fern":3,"minecraft:spawner":3},"minecraft:dropped":{"minecraft:ink_sac":1,"minecraft:glass_bottle":2},"minecraft:picked_up":{"minecraft:redstone_block":2,"minecraft:flower_pot":1,"croptopia:soybean_seed":2,"minecraft:redstone_lamp":4,"paraglider:spirit_orb":6,"minecraft:brewing_stand":1,"minecraft:spider_eye":2,"minecraft:string":3,"croptopia:soybean":1,"minecraft:arrow":1,"minecraft:bone":1,"croptopia:squash_seed":1,"minecraft:rotten_flesh":1,"minecraft:poppy":1,"minecraft:iron_bars":6,"minecraft:cobblestone":4},"minecraft:used":{"minecraft:diamond_pickaxe":22,"minecraft:diamond_shovel":16,"minecraft:leather_chestplate":1,"minecraft:iron_sword":13,"minecraft:golden_apple":1,"minecraft:torch":4,"minecraft:potion":2,"minecraft:bow":15,"minecraft:cooked_beef":4},"minecraft:killed":{"minecraft:skeleton":1,"minecraft:zombie":3,"minecraft:spider":3}},"DataVersion":3465}