{"stats":{"minecraft:used":{"minecraft:iron_bars":4,"minecraft:iron_sword":153,"minecraft:torch":15,"minecraft:dirt":5,"minecraft:nether_bricks":64,"minecraft:smooth_sandstone":2,"minecraft:stone_bricks":4,"minecraft:item_frame":1,"minecraft:bow":124,"tombstone:gift":1,"minecraft:cooked_beef":60,"minecraft:brown_bed":3,"minecraft:mossy_stone_bricks":3,"minecraft:ender_pearl":9,"minecraft:leather_chestplate":1,"minecraft:cracked_stone_bricks":1,"minecraft:golden_apple":15,"minecraft:white_bed":3,"minecraft:diamond_pickaxe":198,"minecraft:diamond_shovel":16,"minecraft:bread":24,"minecraft:iron_pickaxe":4,"minecraft:stone_axe":157,"minecraft:diamond_sword":382,"minecraft:potion":5,"minecraft:cobblestone":18,"minecraft:black_candle":1,"minecraft:golden_pickaxe":12},"minecraft:custom":{"minecraft:mob_kills":102,"minecraft:interact_with_crafting_table":10,"minecraft:open_barrel":4,"minecraft:leave_game":1,"minecraft:time_since_death":21840,"minecraft:climb_one_cm":8289,"minecraft:sprint_one_cm":763875,"minecraft:walk_one_cm":103606,"minecraft:drop":26,"minecraft:play_time":184886,"minecraft:deaths":5,"minecraft:sneak_time":229,"minecraft:walk_under_water_one_cm":12787,"minecraft:jump":3180,"minecraft:walk_on_water_one_cm":39100,"minecraft:total_world_time":184886,"tombstone:raider_killed":4,"minecraft:tune_noteblock":18,"minecraft:sleep_in_bed":6,"minecraft:time_since_rest":21579,"minecraft:damage_taken":8352,"minecraft:damage_absorbed":562,"minecraft:damage_dealt":14412,"tombstone:cast_on_ally":1,"minecraft:swim_one_cm":44498,"minecraft:fly_one_cm":951434,"minecraft:open_chest":141,"minecraft:crouch_one_cm":433,"tombstone:undead_killed":75,"minecraft:fall_one_cm":216829},"minecraft:crafted":{"sophisticatedbackpacks:iron_backpack":1,"sophisticatedbackpacks:gold_backpack":1,"sophisticatedbackpacks:diamond_backpack":1},"minecraft:killed":{"mca:male_zombie_villager":2,"minecraft:spider":9,"minecraft:skeleton":29,"orcz:squig":1,"orcz:orcsavagemace":1,"orcz:orcsavageweird":1,"hunters_return:hunter":3,"minecraft:creeper":1,"minecraft:pillager":1,"minecraft:zombie":39,"minecraft:stray":1,"orcz:bigorcboss":2,"untamedwilds:bison":1,"orcz:orcsavage_2sword":1,"minecraft:wither_skeleton":4,"orcz:orcshield":2},"minecraft:dropped":{"minecraft:glass_bottle":5,"minecraft:cobblestone":8,"minecraft:iron_helmet":1,"paraglider:spirit_orb":2,"orcz:orceye":1,"minecraft:dirt":1,"minecraft:ink_sac":1,"minecraft:string":38,"tombstone:familiar_receptacle":1,"minecraft:waxed_cut_copper_slab":2,"minecraft:rotten_flesh":2,"minecraft:red_terracotta":2,"minecraft:filled_map":2,"minecraft:diamond_sword":2,"minecraft:spruce_planks":3,"minecraft:chest":1},"minecraft:broken":{"minecraft:leather_chestplate":1,"minecraft:stone_axe":1,"minecraft:iron_pickaxe":1,"minecraft:golden_pickaxe":1},"minecraft:picked_up":{"minecraft:redstone_block":2,"minecraft:flower_pot":1,"minecraft:redstone_lamp":4,"minecraft:golden_pickaxe":1,"minecraft:diamond_sword":2,"minecraft:brown_bed":3,"minecraft:brewing_stand":1,"minecraft:shield":1,"minecraft:waxed_cut_copper_slab":2,"minecraft:string":19,"minecraft:item_frame":1,"croptopia:soybean":1,"minecraft:cracked_stone_bricks":1,"minecraft:bucket":2,"minecraft:spruce_planks":3,"minecraft:redstone_torch":2,"minecraft:poppy":1,"minecraft:iron_pickaxe":1,"minecraft:azalea_leaves":3,"minecraft:sugar_cane":1,"minecraft:chest":2,"minecraft:iron_boots":1,"minecraft:tipped_arrow":1,"minecraft:stick":2,"minecraft:jukebox":1,"croptopia:soybean_seed":2,"minecraft:torch":1,"farmersdelight:tomato_seeds":6,"tombstone:grave_dust":5,"minecraft:carrot":1,"tombstone:tablet_of_cupidity":1,"croptopia:squash_seed":1,"minecraft:arrow":41,"minecraft:rotten_flesh":21,"minecraft:nether_bricks":5,"minecraft:diamond_boots":1,"minecraft:gold_ingot":37,"minecraft:saddle":2,"tombstone:scroll_of_aquatic_life":1,"minecraft:iron_bars":22,"minecraft:cobblestone":42,"minecraft:enchanting_table":1,"minecraft:leather_chestplate":1,"minecraft:cooked_beef":4,"orcz:orcteeth":37,"minecraft:filled_map":1,"paraglider:spirit_orb":90,"minecraft:flint":2,"minecraft:granite_stairs":1,"minecraft:oak_log":1,"minecraft:wither_skeleton_skull":1,"minecraft:gunpowder":7,"minecraft:lapis_lazuli":9,"minecraft:dirt":12,"tombstone:gift":1,"minecraft:name_tag":2,"minecraft:orange_terracotta":1,"minecraft:leather_boots":1,"minecraft:smooth_sandstone":8,"minecraft:bone":45,"minecraft:stone_bricks":7,"minecraft:bow":1,"minecraft:diamond_helmet":1,"minecraft:mossy_stone_bricks":3,"minecraft:glowstone_dust":4,"minecraft:flowering_azalea":1,"minecraft:book":6,"minecraft:glow_lichen":2,"minecraft:black_candle":1,"minecraft:black_terracotta":1,"minecraft:sand":3,"minecraft:spruce_sapling":7,"minecraft:white_bed":2,"minecraft:spruce_log":111,"minecraft:nether_brick_slab":1,"minecraft:spider_eye":14,"minecraft:red_terracotta":5,"minecraft:mossy_cobblestone":4,"minecraft:diamond":17,"minecraft:soul_lantern":3,"minecraft:lever":1,"minecraft:iron_helmet":2,"minecraft:golden_apple":11,"minecraft:emerald":8,"minecraft:bread":37,"tombstone:magic_scroll":1,"orcz:ironscrap":1,"orcz:orceye":1,"minecraft:netherrack":1,"minecraft:coal":4},"minecraft:mined":{"minecraft:waxed_cut_copper_slab":1,"minecraft:spruce_planks":4,"minecraft:white_bed":2,"minecraft:mossy_cobblestone":5,"minecraft:black_candle_cake":1,"minecraft:brewing_stand":1,"minecraft:lever":1,"minecraft:nether_bricks":6,"minecraft:budding_amethyst":1,"minecraft:grass_block":7,"minecraft:mangrove_fence":1,"biomesoplenty:cattail":1,"biomesoplenty:dune_grass":5,"biomesoplenty:tundra_shrub":1,"minecraft:spawner":56,"minecraft:black_stained_glass_pane":2,"minecraft:glowstone":1,"minecraft:andesite":3,"dynamictrees:spruce_leaves":3,"minecraft:brown_bed":3,"minecraft:enchanting_table":1,"biomesoplenty:sea_oats":2,"minecraft:bookshelf":4,"minecraft:iron_bars":22,"minecraft:stone":54,"minecraft:granite_stairs":1,"minecraft:waxed_cut_copper_stairs":1,"minecraft:redstone_block":2,"minecraft:orange_terracotta":1,"minecraft:polished_granite":1,"minecraft:powder_snow":52,"minecraft:smooth_sandstone":8,"untamedwilds:flora_common_reed":4,"minecraft:nether_brick_slab":2,"minecraft:copper_ore":3,"minecraft:cobblestone":1,"minecraft:lapis_ore":1,"minecraft:bricks":1,"minecraft:wall_torch":1,"minecraft:red_terracotta":3,"minecraft:spruce_log":128,"minecraft:jukebox":1,"minecraft:potted_poppy":1,"minecraft:smooth_stone_slab":1,"minecraft:grass":8,"minecraft:coal_ore":3,"minecraft:gravel":3,"minecraft:sand":1,"minecraft:dirt":5,"minecraft:cracked_stone_bricks":3,"minecraft:stone_bricks":6,"minecraft:netherrack":1,"minecraft:mossy_stone_bricks":2,"minecraft:fern":18,"minecraft:redstone_lamp":4,"biomesoplenty:reed":6}},"DataVersion":3465}