{"stats":{"minecraft:custom":{"minecraft:mob_kills":66,"tombstone:raider_killed":1,"minecraft:tune_noteblock":3,"minecraft:open_barrel":3,"minecraft:time_since_death":13455,"minecraft:sleep_in_bed":3,"minecraft:climb_one_cm":1816,"minecraft:time_since_rest":13233,"minecraft:sprint_one_cm":435559,"minecraft:walk_one_cm":57380,"minecraft:damage_taken":5947,"minecraft:damage_absorbed":362,"minecraft:drop":16,"minecraft:damage_dealt":10079,"tombstone:cast_on_ally":1,"minecraft:swim_one_cm":17473,"minecraft:fly_one_cm":465525,"minecraft:open_chest":91,"minecraft:crouch_one_cm":433,"minecraft:sneak_time":229,"minecraft:play_time":104477,"tombstone:undead_killed":47,"minecraft:deaths":4,"minecraft:walk_under_water_one_cm":2923,"minecraft:jump":1625,"minecraft:walk_on_water_one_cm":16730,"minecraft:total_world_time":104477,"minecraft:fall_one_cm":103772},"minecraft:mined":{"minecraft:waxed_cut_copper_stairs":1,"minecraft:waxed_cut_copper_slab":1,"minecraft:spruce_planks":4,"minecraft:redstone_block":2,"minecraft:white_bed":2,"minecraft:mossy_cobblestone":5,"minecraft:orange_terracotta":1,"minecraft:powder_snow":52,"minecraft:brewing_stand":1,"minecraft:nether_bricks":6,"minecraft:lever":1,"minecraft:budding_amethyst":1,"minecraft:grass_block":4,"minecraft:mangrove_fence":1,"minecraft:nether_brick_slab":2,"minecraft:cobblestone":1,"minecraft:lapis_ore":1,"biomesoplenty:cattail":1,"biomesoplenty:tundra_shrub":1,"minecraft:wall_torch":1,"minecraft:spawner":20,"minecraft:black_stained_glass_pane":2,"minecraft:red_terracotta":3,"minecraft:glowstone":1,"minecraft:jukebox":1,"minecraft:andesite":3,"minecraft:potted_poppy":1,"minecraft:enchanting_table":1,"minecraft:bookshelf":2,"minecraft:grass":5,"minecraft:coal_ore":3,"minecraft:iron_bars":20,"minecraft:sand":1,"minecraft:gravel":3,"minecraft:dirt":5,"minecraft:cracked_stone_bricks":3,"minecraft:stone_bricks":6,"minecraft:stone":38,"minecraft:mossy_stone_bricks":2,"biomesoplenty:reed":6,"minecraft:fern":8,"minecraft:redstone_lamp":4},"minecraft:dropped":{"minecraft:glass_bottle":4,"minecraft:cobblestone":4,"minecraft:rotten_flesh":2,"minecraft:iron_helmet":1,"minecraft:red_terracotta":2,"orcz:orceye":1,"minecraft:diamond_sword":1,"minecraft:dirt":1,"minecraft:ink_sac":1,"minecraft:spruce_planks":3,"minecraft:waxed_cut_copper_slab":2},"minecraft:picked_up":{"minecraft:enchanting_table":1,"minecraft:leather_chestplate":1,"orcz:orcteeth":37,"minecraft:redstone_block":2,"minecraft:flower_pot":1,"minecraft:golden_pickaxe":1,"minecraft:redstone_lamp":4,"minecraft:diamond_sword":1,"paraglider:spirit_orb":36,"minecraft:flint":2,"minecraft:oak_log":1,"minecraft:brewing_stand":1,"minecraft:shield":1,"minecraft:gunpowder":7,"minecraft:lapis_lazuli":9,"minecraft:dirt":4,"minecraft:waxed_cut_copper_slab":2,"minecraft:string":19,"tombstone:gift":1,"minecraft:name_tag":2,"minecraft:orange_terracotta":1,"minecraft:item_frame":1,"minecraft:leather_boots":1,"croptopia:soybean":1,"minecraft:bone":23,"minecraft:stone_bricks":7,"minecraft:cracked_stone_bricks":1,"minecraft:bow":1,"minecraft:bucket":2,"minecraft:spruce_planks":3,"minecraft:redstone_torch":2,"minecraft:mossy_stone_bricks":3,"minecraft:poppy":1,"minecraft:iron_pickaxe":1,"minecraft:glowstone_dust":4,"minecraft:sugar_cane":1,"minecraft:chest":1,"minecraft:iron_boots":1,"minecraft:book":6,"minecraft:stick":2,"minecraft:jukebox":1,"croptopia:soybean_seed":2,"minecraft:torch":1,"minecraft:sand":3,"farmersdelight:tomato_seeds":6,"tombstone:grave_dust":3,"minecraft:white_bed":2,"minecraft:nether_brick_slab":1,"minecraft:red_terracotta":5,"minecraft:spider_eye":13,"tombstone:tablet_of_cupidity":1,"minecraft:mossy_cobblestone":4,"minecraft:diamond":7,"minecraft:arrow":11,"minecraft:rotten_flesh":21,"croptopia:squash_seed":1,"minecraft:nether_bricks":5,"minecraft:lever":1,"minecraft:iron_helmet":2,"minecraft:saddle":2,"tombstone:scroll_of_aquatic_life":1,"orcz:ironscrap":1,"orcz:orceye":1,"minecraft:iron_bars":20,"minecraft:coal":4,"minecraft:cobblestone":42},"minecraft:used":{"minecraft:mossy_stone_bricks":3,"minecraft:iron_bars":2,"minecraft:ender_pearl":4,"minecraft:leather_chestplate":1,"minecraft:iron_sword":153,"minecraft:cracked_stone_bricks":1,"minecraft:torch":15,"minecraft:golden_apple":10,"minecraft:dirt":4,"minecraft:nether_bricks":60,"minecraft:white_bed":3,"minecraft:diamond_pickaxe":125,"minecraft:diamond_shovel":16,"minecraft:iron_pickaxe":4,"minecraft:stone_bricks":4,"minecraft:item_frame":1,"minecraft:cobblestone":18,"minecraft:diamond_sword":205,"minecraft:bow":71,"minecraft:potion":4,"tombstone:gift":1,"minecraft:cooked_beef":46,"minecraft:golden_pickaxe":12},"minecraft:killed":{"minecraft:spider":7,"minecraft:creeper":1,"minecraft:skeleton":10,"minecraft:pillager":1,"minecraft:zombie":36,"orcz:bigorcboss":2,"minecraft:stray":1,"orcz:squig":1,"orcz:orcsavagemace":1,"orcz:orcsavageweird":1,"orcz:orcsavage_2sword":1,"orcz:orcshield":2},"minecraft:broken":{"minecraft:iron_pickaxe":1,"minecraft:golden_pickaxe":1,"minecraft:leather_chestplate":1}},"DataVersion":3465}