{"stats":{"minecraft:picked_up":{"minecraft:iron_chestplate":1,"minecraft:flower_pot":1,"minecraft:chainmail_boots":3,"minecraft:creeper_head":5,"minecraft:anvil":1,"minecraft:diamond_sword":6,"minecraft:oak_stairs":2,"minecraft:brown_bed":3,"minecraft:enchanted_book":1,"camera:camera":2,"minecraft:brewing_stand":1,"minecraft:golden_sword":1,"minecraft:string":60,"minecraft:soul_soil":2,"minecraft:red_nether_bricks":1,"biomesoplenty:tall_lavender":1,"minecraft:shroomlight":2,"alexsmobs:emu_feather":2,"minecraft:diamond_leggings":1,"minecraft:gold_nugget":13,"minecraft:cobbled_deepslate":2,"minecraft:spruce_planks":51,"minecraft:azalea_leaves":3,"minecraft:coal_block":3,"minecraft:golden_helmet":1,"minecraft:jukebox":1,"orcz:orcskull":2,"minecraft:acacia_log":1,"minecraft:green_bed":12,"tombstone:tablet_of_cupidity":1,"minecraft:cauldron":1,"minecraft:waxed_cut_copper_stairs":1,"tombstone:scroll_of_aquatic_life":1,"minecraft:waxed_cut_copper":5,"minecraft:blaze_rod":3,"minecraft:iron_bars":39,"minecraft:snowball":56,"biomesoplenty:lavender":7,"minecraft:cooked_beef":58,"minecraft:feather":6,"orcz:orcteeth":106,"minecraft:iron_door":2,"minecraft:smoker":1,"minecraft:flint":3,"alexsmobs:cooked_kangaroo_meat":1,"minecraft:lantern":11,"minecraft:mangrove_slab":3,"minecraft:stonecutter":2,"untamedwilds:hide_tan":3,"minecraft:glowstone_dust":20,"minecraft:diamond_helmet":1,"minecraft:glow_lichen":2,"alexsmobs:crocodile_egg":1,"sophisticatedbackpacks:iron_backpack":1,"minecraft:red_terracotta":5,"minecraft:bundle":4,"minecraft:polished_andesite":3,"alexsmobs:kangaroo_hide":2,"minecraft:lever":1,"minecraft:granite":92,"minecraft:spruce_button":1,"minecraft:golden_horse_armor":1,"minecraft:chainmail_helmet":2,"minecraft:bread":47,"alexsmobs:maggot":2,"minecraft:bricks":59,"minecraft:diamond_pickaxe":2,"croptopia:toast":32,"biomesoplenty:redwood_log":12,"minecraft:redstone_lamp":7,"minecraft:golden_pickaxe":1,"minecraft:leather_leggings":1,"biomesoplenty:jacaranda_sapling":5,"camera:image_frame":3,"minecraft:iron_shovel":2,"croptopia:soybean":1,"minecraft:cracked_stone_bricks":5,"minecraft:beef":12,"minecraft:poppy":10,"minecraft:spruce_slab":1,"alexsmobs:cooked_lobster_tail":2,"minecraft:chest":3,"minecraft:piston":16,"minecraft:sandstone":12,"minecraft:raw_gold_block":17,"untamedwilds:flora_bush_temperate":1,"minecraft:spruce_fence":12,"sophisticatedbackpacks:backpack":2,"farmersdelight:tomato_seeds":7,"orcz:orchorn":2,"minecraft:mangrove_sign":3,"minecraft:carrot":1,"minecraft:redstone":1,"biomesoplenty:jacaranda_log":32,"minecraft:diamond_boots":1,"minecraft:yellow_terracotta":3,"tombstone:essence_of_undeath":2,"minecraft:gold_ingot":39,"sophisticatedbackpacks:copper_backpack":2,"minecraft:mutton":13,"minecraft:bone_block":4,"minecraft:white_wool":79,"minecraft:tripwire_hook":2,"croptopia:glowing_calamari":5,"minecraft:filled_map":1,"minecraft:oak_log":8,"minecraft:ancient_debris":2,"alexsmobs:mosquito_proboscis":1,"tombstone:gift":1,"minecraft:blue_bed":7,"minecraft:paper":8,"minecraft:white_banner":3,"minecraft:apple":9,"minecraft:stone_bricks":48,"croptopia:squash":2,"tombstone:bag_of_seeds":1,"minecraft:mangrove_planks":1,"minecraft:iron_sword":3,"minecraft:flowering_azalea":1,"minecraft:polished_andesite_stairs":9,"minecraft:yellow_concrete":1,"minecraft:red_wool":2,"minecraft:spyglass":1,"minecraft:gravel":4,"betterarcheology:villager_fossil_body":2,"minecraft:spruce_sapling":7,"betterarcheology:villager_fossil_head":3,"minecraft:spruce_log":476,"minecraft:leather_helmet":1,"biomesoplenty:maple_sapling":3,"minecraft:gray_wool":1,"minecraft:brown_banner":2,"minecraft:smooth_quartz_slab":3,"minecraft:ender_pearl":9,"biomesoplenty:burning_blossom":50,"minecraft:iron_trapdoor":1,"minecraft:redstone_block":3,"minecraft:stone_brick_stairs":5,"alexsmobs:gazelle_horn":1,"minecraft:waxed_cut_copper_slab":2,"minecraft:smooth_stone_slab":10,"minecraft:armor_stand":1,"minecraft:netherite_ingot":3,"alexsmobs:dropbear_claw":4,"biomesoplenty:brimstone":1,"alexsmobs:blood_sac":2,"minecraft:bucket":2,"minecraft:rose_bush":2,"minecraft:redstone_torch":3,"minecraft:smooth_quartz":35,"minecraft:iron_pickaxe":1,"minecraft:smooth_quartz_stairs":2,"minecraft:iron_boots":1,"minecraft:tipped_arrow":1,"minecraft:stick":88,"minecraft:torch":19,"minecraft:spruce_stairs":7,"minecraft:porkchop":18,"tombstone:grave_dust":26,"minecraft:diorite":37,"minecraft:rotten_flesh":139,"croptopia:squash_seed":3,"alexsmobs:emu_egg":2,"minecraft:obsidian":6,"minecraft:cobblestone":1508,"minecraft:enchanting_table":2,"minecraft:leather_chestplate":1,"minecraft:lilac":3,"croptopia:broccoli_seed":1,"minecraft:andesite":8,"minecraft:golden_leggings":1,"alexsmobs:bear_fur":1,"paraglider:spirit_orb":296,"minecraft:wither_skeleton_skull":1,"minecraft:lapis_lazuli":60,"minecraft:dirt":256,"minecraft:name_tag":2,"minecraft:leather_boots":1,"minecraft:bone":182,"minecraft:acacia_planks":1,"minecraft:bow":5,"mcwbridges:balustrade_stone_bricks_bridge":1,"minecraft:wheat_seeds":21,"minecraft:birch_wood":21,"minecraft:mossy_stone_bricks":10,"camera:image":2,"minecraft:oak_planks":1,"minecraft:black_terracotta":1,"minecraft:cooked_porkchop":36,"mcwbridges:cobblestone_bridge_stair":1,"minecraft:music_disc_13":1,"minecraft:sand":670,"minecraft:nether_brick_stairs":1,"minecraft:grass_block":2,"minecraft:mossy_cobblestone":6,"sons_of_sins:flesh_of_demise":3,"minecraft:chiseled_sandstone":4,"minecraft:dark_prismarine":2,"minecraft:light_gray_concrete":1,"minecraft:diamond":100,"minecraft:spruce_boat":1,"minecraft:soul_lantern":3,"minecraft:cracked_polished_blackstone_bricks":3,"minecraft:crossbow":1,"minecraft:golden_apple":20,"minecraft:emerald":16,"minecraft:spruce_sign":1,"orcz:ironscrap":7,"minecraft:chiseled_red_sandstone":1,"minecraft:oak_sapling":1,"minecraft:netherrack":797,"minecraft:oak_leaves":4,"minecraft:allium":1,"minecraft:chicken":16,"biomesoplenty:flesh":11,"dynamictrees:spruce_seed":4,"minecraft:brown_mushroom":1,"minecraft:gold_block":1,"minecraft:shield":2,"minecraft:item_frame":1,"minecraft:blackstone":30,"minecraft:cyan_carpet":3,"farmersdelight:golden_knife":1,"minecraft:light_gray_wool":2,"biomesoplenty:wildflower":1,"minecraft:sugar_cane":5,"minecraft:raw_iron":5,"croptopia:soybean_seed":2,"minecraft:copper_ingot":5,"minecraft:note_block":4,"minecraft:polished_blackstone_bricks":24,"minecraft:quartz_pillar":2,"alexsmobs:crocodile_scute":2,"minecraft:stone_pressure_plate":1,"minecraft:dark_oak_planks":1,"minecraft:weeping_vines":4,"minecraft:arrow":225,"biomesoplenty:eyebulb":8,"minecraft:pumpkin_pie":15,"minecraft:nether_bricks":8,"minecraft:saddle":2,"minecraft:brick_stairs":1,"minecraft:basalt":4,"minecraft:golden_carrot":6,"minecraft:glow_ink_sac":8,"minecraft:crimson_stem":13,"minecraft:cut_sandstone":10,"minecraft:leather":65,"minecraft:granite_stairs":1,"minecraft:cobblestone_stairs":1,"minecraft:nether_wart_block":16,"minecraft:gunpowder":15,"minecraft:orange_terracotta":1,"minecraft:cooked_mutton":34,"minecraft:podzol":2,"minecraft:smooth_sandstone":17,"minecraft:red_carpet":4,"untamedwilds:material_fat":21,"mcwbridges:stone_brick_bridge":3,"minecraft:iron_ingot":11,"minecraft:cooked_chicken":19,"minecraft:soul_sand":7,"sophisticatedbackpacks:diamond_backpack":2,"minecraft:book":6,"minecraft:black_candle":1,"minecraft:chiseled_stone_bricks":1,"minecraft:quartz":23,"minecraft:white_bed":14,"minecraft:nether_brick_slab":4,"minecraft:spider_eye":23,"minecraft:chainmail_leggings":2,"minecraft:stripped_jungle_wood":3,"minecraft:iron_helmet":2,"minecraft:terracotta":6,"tombstone:magic_scroll":6,"orcz:orceye":1,"minecraft:damaged_anvil":1,"minecraft:black_wool":2,"minecraft:magenta_concrete":4,"minecraft:coal":20},"minecraft:mined":{"minecraft:dark_oak_planks":3,"minecraft:blue_carpet":1,"minecraft:white_bed":14,"minecraft:chiseled_red_sandstone":1,"minecraft:red_nether_bricks":4,"biomesoplenty:brimstone":10,"minecraft:obsidian":7,"biomesoplenty:burning_blossom":60,"minecraft:granite":94,"minecraft:acacia_log":5,"biomesoplenty:eyebulb":12,"minecraft:oak_pressure_plate":1,"minecraft:coal_block":3,"biomesoplenty:cattail":1,"minecraft:spawner":179,"minecraft:polished_blackstone_bricks":33,"minecraft:weeping_vines_plant":2,"minecraft:tall_seagrass":1,"minecraft:magma_block":1,"biomesoplenty:tall_lavender":4,"minecraft:fire":15,"biomesoplenty:lavender":10,"minecraft:nether_brick_stairs":1,"minecraft:enchanting_table":2,"minecraft:cave_vines":1,"biomesoplenty:redwood_log":12,"minecraft:oak_stairs":2,"minecraft:light_gray_concrete":2,"betterarcheology:loot_vase":1,"minecraft:cut_sandstone":12,"minecraft:smoker":1,"minecraft:crimson_nylium":3,"minecraft:powder_snow":64,"minecraft:torch":11,"minecraft:note_block":4,"minecraft:polished_andesite_stairs":10,"minecraft:nether_brick_slab":5,"minecraft:smooth_quartz_slab":1,"minecraft:glass":50,"dynamictrees:jungle_branch":128,"croptopia:broccoli_crop":1,"minecraft:sugar_cane":1,"minecraft:damaged_anvil":1,"minecraft:bricks":67,"minecraft:spruce_sign":1,"biomesoplenty:glowworm_silk_strand":1,"minecraft:light_gray_stained_glass":1,"minecraft:lilac":3,"minecraft:jukebox":1,"biomesoplenty:large_rose_quartz_bud":1,"minecraft:potted_poppy":1,"minecraft:stone_brick_stairs":10,"minecraft:grass":118,"minecraft:smooth_quartz":35,"minecraft:stonecutter":2,"minecraft:piston":16,"minecraft:deepslate":2,"biomesoplenty:reed":6,"minecraft:yellow_terracotta":4,"minecraft:dark_prismarine":4,"minecraft:mossy_cobblestone":6,"biomesoplenty:desert_grass":4,"minecraft:nether_bricks":15,"minecraft:spruce_fence":6,"minecraft:stripped_jungle_wood":5,"minecraft:magenta_concrete":4,"minecraft:redstone_wire":1,"biomesoplenty:dead_grass":4,"biomesoplenty:dune_grass":27,"dynamictrees:oak_leaves":2,"minecraft:black_stained_glass_pane":2,"biomesoplenty:jacaranda_log":57,"dynamictrees:dark_oak_leaves":20,"minecraft:snow":124,"minecraft:andesite":12,"biomesoplenty:flesh":12,"dynamictrees:spruce_leaves":4,"dynamictrees:oak_branch":25,"biomesoplenty:high_grass":10,"minecraft:vine":1,"biomesoplenty:barley":113,"minecraft:smooth_quartz_stairs":2,"minecraft:bone_block":4,"minecraft:white_wool":84,"minecraft:redstone_block":3,"minecraft:glass_pane":2,"dynamictrees:spruce_branch":626,"minecraft:soul_sand":7,"mcwbridges:balustrade_stone_bricks_bridge":1,"minecraft:smooth_sandstone":17,"untamedwilds:flora_bush_temperate":2,"minecraft:spruce_button":1,"minecraft:warped_roots":1,"biomesoplenty:high_grass_plant":20,"minecraft:tall_grass":10,"minecraft:copper_ore":4,"farmersdelight:wild_tomatoes":1,"minecraft:diorite":37,"minecraft:red_terracotta":3,"minecraft:creeper_head":5,"minecraft:spruce_log":130,"minecraft:quartz_pillar":2,"minecraft:gravel":11,"minecraft:cobweb":3,"minecraft:acacia_planks":1,"minecraft:stone_bricks":55,"minecraft:iron_trapdoor":1,"minecraft:fern":43,"minecraft:infested_stone":1,"minecraft:waxed_cut_copper_slab":1,"minecraft:stone_pressure_plate":1,"minecraft:spruce_planks":55,"minecraft:black_candle_cake":1,"minecraft:cobblestone_stairs":1,"minecraft:brewing_stand":1,"minecraft:budding_amethyst":1,"minecraft:grass_block":33,"minecraft:mangrove_fence":1,"minecraft:cracked_polished_blackstone_bricks":3,"minecraft:soul_soil":2,"betterarcheology:villager_fossil_body":2,"minecraft:mud_bricks":2,"minecraft:frosted_ice":1,"biomesoplenty:bramble_leaves":6,"minecraft:glowstone":7,"minecraft:iron_ore":11,"minecraft:anvil":2,"minecraft:brown_bed":3,"minecraft:iron_bars":42,"dynamictrees:crimson_wart":2,"minecraft:granite_stairs":1,"minecraft:spruce_slab":1,"minecraft:green_bed":12,"minecraft:waxed_cut_copper":5,"minecraft:waxed_cut_copper_stairs":2,"minecraft:blackstone":30,"minecraft:orange_terracotta":1,"untamedwilds:flora_common_reed":4,"minecraft:poppy":2,"mcwbridges:stone_brick_bridge":3,"minecraft:nether_quartz_ore":25,"minecraft:cobblestone":44,"minecraft:birch_wood":30,"minecraft:oak_planks":5,"minecraft:iron_door":2,"minecraft:wall_torch":10,"minecraft:cauldron":1,"minecraft:seagrass":1,"minecraft:nether_wart_block":1,"biomesoplenty:hair":1,"dynamictrees:birch_leaves":2,"minecraft:smooth_stone_slab":11,"minecraft:oak_log":7,"minecraft:sand":829,"minecraft:dirt":143,"mcwbridges:cobblestone_bridge_stair":1,"minecraft:tripwire_hook":2,"minecraft:ancient_debris":2,"minecraft:netherrack":1224,"betterarcheology:villager_fossil_head":3,"minecraft:oak_leaves":8,"minecraft:redstone_lamp":7,"minecraft:diamond_ore":2,"minecraft:red_carpet":2,"minecraft:deepslate_diamond_ore":3,"dynamictrees:birch_branch":663,"untamedwilds:flora_bush_creosote":1,"minecraft:lever":1,"biomesoplenty:bush":5,"minecraft:brick_stairs":1,"minecraft:white_stained_glass":1,"minecraft:spruce_leaves":1,"minecraft:sandstone":11,"biomesoplenty:tundra_shrub":1,"minecraft:large_fern":1,"untamedwilds:flora_yarrow":1,"minecraft:raw_gold_block":17,"minecraft:chiseled_sandstone":4,"biomesoplenty:willow_vine":1,"minecraft:gold_block":1,"biomesoplenty:sea_oats":33,"minecraft:bookshelf":4,"minecraft:deepslate_iron_ore":1,"minecraft:shroomlight":2,"minecraft:lantern":12,"minecraft:stone":1139,"biomesoplenty:spider_egg":1,"minecraft:acacia_leaves":1,"minecraft:red_wool":2,"minecraft:snow_block":2,"minecraft:basalt":7,"minecraft:spruce_door":1,"minecraft:polished_granite":1,"minecraft:rose_bush":1,"biomesoplenty:sprout":24,"minecraft:lapis_ore":9,"minecraft:blue_bed":7,"minecraft:air":683,"minecraft:spruce_stairs":5,"untamedwilds:block_burrow":5,"minecraft:ice":2,"minecraft:mangrove_planks":2,"minecraft:mangrove_slab":1,"minecraft:coal_ore":13,"biomesoplenty:redwood_leaves":2,"minecraft:yellow_concrete":1,"minecraft:cracked_stone_bricks":12,"minecraft:terracotta":6,"minecraft:stripped_acacia_wood":8,"minecraft:polished_andesite":2,"minecraft:mossy_stone_bricks":9},"minecraft:used":{"alexsmobs:emu_egg":1,"mcwbridges:stone_brick_bridge":51,"minecraft:smooth_quartz_slab":1,"minecraft:ladder":5,"minecraft:chest":1,"minecraft:stone":94,"minecraft:rotten_flesh":9,"minecraft:chiseled_red_sandstone":1,"minecraft:allium":1,"minecraft:snowball":30,"minecraft:spruce_boat":2,"minecraft:stone_brick_stairs":3,"minecraft:bow":633,"minecraft:oak_sapling":1,"minecraft:furnace":13,"untamedwilds:material_fat":19,"minecraft:potato":27,"minecraft:mossy_stone_bricks":3,"minecraft:spruce_door":6,"minecraft:chorus_fruit":3,"minecraft:leather_chestplate":1,"mcwbridges:balustrade_stone_bricks_bridge":1,"minecraft:golden_apple":72,"minecraft:sand":373,"minecraft:soul_lantern":1,"minecraft:diamond_sword":1005,"minecraft:fire_charge":1,"sons_of_sins:flesh_of_demise":2,"tombstone:scroll_of_lightning_resistance":1,"camera:image_frame":1,"minecraft:iron_bars":4,"minecraft:enchanting_table":1,"minecraft:acacia_log":1,"minecraft:netherrack":576,"minecraft:torch":134,"minecraft:anvil":3,"minecraft:spruce_button":1,"minecraft:diamond_chestplate":3,"minecraft:basalt":1,"minecraft:beef":3,"landk_furniture_v1_4:pcblackoff":1,"minecraft:goat_horn":4,"tombstone:gift":3,"minecraft:golden_axe":33,"minecraft:water_bucket":25,"minecraft:bundle":2,"farmersdelight:golden_knife":3,"minecraft:leather_boots":1,"minecraft:cracked_stone_bricks":5,"minecraft:tnt":3,"minecraft:crafting_table":2,"minecraft:white_bed":15,"minecraft:cake":2,"minecraft:spruce_log":50,"minecraft:dark_prismarine":2,"minecraft:diamond_pickaxe":3456,"minecraft:diamond_shovel":261,"minecraft:iron_pickaxe":4,"alexsmobs:crocodile_egg":1,"minecraft:suspicious_stew":1,"tombstone:magic_scroll":10,"mcwbridges:cobblestone_bridge_stair":4,"minecraft:cobblestone":229,"minecraft:potion":7,"minecraft:porkchop":8,"minecraft:cooked_porkchop":24,"minecraft:black_candle":1,"minecraft:glass_pane":112,"minecraft:iron_shovel":910,"minecraft:shield":54,"minecraft:iron_sword":2093,"minecraft:creeper_head":4,"tombstone:scroll_of_purification":1,"minecraft:nether_bricks":124,"minecraft:carrot":1,"minecraft:music_disc_13":2,"minecraft:obsidian":12,"minecraft:glass":101,"tombstone:tablet_of_cupidity":1,"minecraft:lantern":11,"alexsmobs:cooked_lobster_tail":2,"minecraft:stone_bricks":568,"minecraft:item_frame":1,"minecraft:redstone_lamp":3,"betterarcheology:villager_fossil_head":3,"orcz:orcskull":1,"minecraft:diamond_boots":1,"minecraft:oak_planks":146,"minecraft:ender_pearl":43,"minecraft:sandstone":8,"minecraft:chainmail_helmet":1,"minecraft:diamond_axe":2373,"minecraft:blue_bed":6,"minecraft:white_wool":5,"minecraft:mushroom_stew":2,"minecraft:crossbow":1,"minecraft:note_block":3,"minecraft:shears":78,"minecraft:bread":101,"minecraft:string":3,"tombstone:grave_key":2,"farmersdelight:ham":10,"minecraft:gravel":1,"croptopia:toast":31,"minecraft:golden_pickaxe":12,"minecraft:experience_bottle":92,"minecraft:trident":5,"minecraft:rose_bush":2,"minecraft:flint_and_steel":237,"minecraft:spruce_planks":818,"minecraft:cooked_chicken":26,"minecraft:dirt":237,"minecraft:spyglass":24,"tombstone:scroll_of_aquatic_life":1,"minecraft:spruce_stairs":14,"alexsmobs:cooked_kangaroo_meat":1,"minecraft:diamond_helmet":1,"minecraft:spruce_fence":69,"minecraft:granite":40,"minecraft:dark_oak_planks":1,"alexsmobs:maggot":1,"minecraft:waxed_cut_copper":1,"minecraft:smooth_sandstone":2,"connectedglass:borderless_glass":153,"minecraft:golden_carrot":13,"minecraft:cooked_beef":185,"minecraft:enchanted_golden_apple":1,"minecraft:brown_bed":3,"biomesoplenty:burning_blossom":5,"minecraft:cooked_mutton":29,"tombstone:scroll_of_knowledge":1,"minecraft:cobblestone_stairs":1,"minecraft:baked_potato":3,"minecraft:cut_sandstone":8,"minecraft:spruce_sign":4,"minecraft:stonecutter":3,"minecraft:green_bed":11,"minecraft:terracotta":6,"tombstone:scroll_of_feather_fall":1,"minecraft:brown_banner":2,"biomesoplenty:wildflower":1,"betterarcheology:villager_fossil_body":2,"minecraft:smoker":2,"minecraft:black_wool":2,"minecraft:apple":1,"minecraft:magenta_concrete":2,"minecraft:stone_axe":157,"minecraft:bucket":29,"minecraft:pumpkin_pie":14,"minecraft:splash_potion":2},"minecraft:killed":{"alexsmobs:lobster":4,"minecraft:cave_spider":5,"minecraft:skeleton":121,"minecraft:chicken":9,"minecraft:magma_cube":1,"mutantmonsters:mutant_skeleton":1,"untamedwilds:giant_clam":1,"minecraft:pillager":29,"minecraft:zombie":97,"orcz:bigorcboss":4,"untamedwilds:bison":17,"mca:male_villager":6,"untamedwilds:snake":1,"orcz:orcsavage_2sword":3,"minecraft:cow":7,"mca:male_zombie_villager":3,"minecraft:vindicator":8,"alexsmobs:seagull":1,"orcz:orcsavagemace":3,"orcz:orcsavageweird":3,"minecraft:husk":25,"untamedwilds:big_cat":1,"alexsmobs:crocodile":2,"mca:female_villager":4,"minecraft:enderman":9,"minecraft:zombified_piglin":39,"minecraft:spider":33,"minecraft:silverfish":1,"orcz:squig":2,"minecraft:piglin_brute":9,"alexsmobs:kangaroo":1,"minecraft:piglin":13,"minecraft:pig":3,"alexsmobs:grizzly_bear":1,"orcz:goblinsavagemace":8,"hunters_return:hunter":20,"untamedwilds:boar":5,"minecraft:creeper":12,"alexsmobs:crimson_mosquito":4,"minecraft:sheep":18,"alexsmobs:sunbird":1,"minecraft:ghast":3,"minecraft:stray":6,"orcz:snot":1,"orcz:orcshield":5,"minecraft:blaze":4,"alexsmobs:dropbear":2,"minecraft:phantom":5,"alexsmobs:soul_vulture":1,"minecraft:hoglin":10,"alexsmobs:emu":1,"sons_of_sins:betrayed_guzzler":5,"alexsmobs:gazelle":1,"orcz:goblin_2sword":1,"minecraft:wither_skeleton":25},"minecraft:dropped":{"minecraft:iron_sword":3,"minecraft:cooked_beef":11,"minecraft:glass_bottle":7,"orcz:orcskull":1,"sophisticatedbackpacks:gold_backpack":1,"orcz:orceye":1,"minecraft:dirt":2,"tombstone:familiar_receptacle":2,"minecraft:bone":3,"minecraft:waxed_cut_copper_slab":2,"minecraft:cooked_chicken":3,"camera:image":2,"minecraft:rotten_flesh":15,"alexsmobs:emu_egg":1,"minecraft:brick_stairs":1,"croptopia:broccoli_seed":1,"camera:camera":1,"minecraft:enchanted_book":1,"minecraft:iron_ingot":1,"minecraft:wheat_seeds":2,"minecraft:tnt":3,"minecraft:iron_helmet":1,"minecraft:cobblestone":8,"minecraft:chainmail_helmet":1,"minecraft:golden_apple":2,"minecraft:ink_sac":1,"minecraft:white_banner":3,"minecraft:iron_shovel":3,"minecraft:string":40,"artifacts:bunny_hoppers":1,"minecraft:bricks":54,"minecraft:soul_soil":2,"minecraft:bowl":1,"sophisticatedbackpacks:backpack":1,"minecraft:diamond_sword":5,"minecraft:spruce_planks":3,"minecraft:diamond_pickaxe":2,"minecraft:spider_eye":1,"pfm:furniture_book":1,"sophisticatedbackpacks:copper_backpack":2,"minecraft:bow":3,"minecraft:spruce_sign":6,"minecraft:leather":25,"paraglider:spirit_orb":7,"minecraft:flint":1,"minecraft:gold_ingot":11,"minecraft:gravel":3,"minecraft:spyglass":1,"minecraft:cooked_mutton":7,"sophisticatedbackpacks:diamond_backpack":2,"alexsmobs:kangaroo_hide":2,"minecraft:gunpowder":3,"minecraft:chest":1,"minecraft:arrow":1,"minecraft:oak_leaves":4,"minecraft:netherrack":1,"farmersdelight:golden_knife":1,"minecraft:torch":3,"artifacts:obsidian_skull":1,"minecraft:iron_door":1,"minecraft:red_terracotta":2,"minecraft:filled_map":4,"orcz:orcteeth":16,"minecraft:golden_leggings":1,"minecraft:spruce_log":23},"minecraft:broken":{"minecraft:diamond_helmet":1,"minecraft:iron_pickaxe":1,"minecraft:diamond_boots":1,"minecraft:stone_axe":1,"minecraft:diamond_chestplate":4,"minecraft:flint_and_steel":3,"minecraft:leather_chestplate":1,"minecraft:diamond_axe":1,"minecraft:leather_boots":1,"minecraft:golden_pickaxe":1},"minecraft:custom":{"minecraft:interact_with_crafting_table":24,"minecraft:open_barrel":91,"minecraft:bell_ring":15,"minecraft:eat_cake_slice":22,"minecraft:leave_game":27,"minecraft:time_since_death":247343,"minecraft:damage_blocked_by_shield":1895,"minecraft:play_time":1612354,"minecraft:deaths":14,"tombstone:tomb_raiding":1,"minecraft:jump":24924,"minecraft:interact_with_furnace":212,"minecraft:play_record":2,"minecraft:interact_with_cartography_table":1,"minecraft:sleep_in_bed":69,"minecraft:damage_dealt":97724,"tombstone:undead_killed":323,"minecraft:interact_with_smoker":9,"minecraft:inspect_dispenser":1,"minecraft:interact_with_anvil":14,"minecraft:damage_dealt_absorbed":68,"minecraft:sneak_time":16447,"minecraft:total_world_time":1612354,"tombstone:raider_killed":62,"minecraft:tune_noteblock":42,"minecraft:interact_with_stonecutter":37,"minecraft:cabinet_searched":1,"minecraft:time_since_rest":200972,"tombstone:cast_on_ally":5,"minecraft:swim_one_cm":438041,"minecraft:fly_one_cm":8171077,"minecraft:open_chest":468,"minecraft:fall_one_cm":1717796,"minecraft:damage_resisted":718,"minecraft:sprint_one_cm":4657404,"minecraft:drop":176,"minecraft:play_noteblock":6,"minecraft:walk_on_water_one_cm":174200,"minecraft:player_kills":1,"minecraft:crouch_one_cm":41578,"tombstone:villager_killed":10,"minecraft:mob_kills":718,"minecraft:interact_with_campfire":4,"minecraft:damage_dealt_resisted":1473,"minecraft:climb_one_cm":45843,"minecraft:walk_one_cm":890865,"minecraft:walk_under_water_one_cm":95273,"minecraft:raid_trigger":1,"minecraft:damage_taken":40014,"minecraft:damage_absorbed":1985},"minecraft:crafted":{"minecraft:black_dye":1,"sophisticatedbackpacks:crafting_upgrade":1,"connectedglass:borderless_glass":64,"minecraft:cooked_mutton":2,"minecraft:glass":337,"landk_furniture_v1_4:pcblackoff":1,"minecraft:diamond_axe":2,"minecraft:spruce_door":6,"minecraft:iron_block":1,"minecraft:bone_meal":36,"minecraft:spruce_stairs":12,"minecraft:ladder":6,"minecraft:diamond_boots":1,"minecraft:spruce_boat":2,"mcwbridges:balustrade_stone_bricks_bridge":1,"sophisticatedbackpacks:gold_backpack":4,"minecraft:cooked_chicken":11,"minecraft:stone":721,"minecraft:chest":2,"minecraft:stone_bricks":2,"minecraft:smoker":1,"minecraft:crafting_table":3,"minecraft:spruce_planks":472,"sophisticatedbackpacks:upgrade_base":1,"minecraft:charcoal":81,"sophisticatedbackpacks:diamond_backpack":3,"minecraft:stick":12,"minecraft:shears":1,"mcwbridges:cobblestone_bridge_stair":1,"minecraft:redstone":9,"minecraft:coal":27,"minecraft:leather_boots":3,"minecraft:spruce_button":1,"minecraft:furnace":1,"minecraft:glass_pane":16,"sophisticatedbackpacks:iron_backpack":4,"minecraft:cooked_beef":1,"minecraft:spruce_sign":9,"minecraft:air":0,"minecraft:white_wool":2,"minecraft:white_dye":2,"minecraft:stonecutter":2,"minecraft:anvil":1,"minecraft:torch":24,"minecraft:diamond_chestplate":2}},"DataVersion":3465}