{"stats":{"minecraft:custom":{"minecraft:mob_kills":67,"minecraft:open_barrel":3,"minecraft:leave_game":1,"minecraft:time_since_death":23780,"minecraft:climb_one_cm":2113,"minecraft:sprint_one_cm":483284,"minecraft:walk_one_cm":67577,"minecraft:drop":18,"minecraft:play_time":114802,"minecraft:deaths":4,"minecraft:sneak_time":229,"minecraft:walk_under_water_one_cm":3122,"minecraft:jump":1734,"minecraft:walk_on_water_one_cm":16919,"minecraft:total_world_time":114802,"tombstone:raider_killed":1,"minecraft:tune_noteblock":3,"minecraft:sleep_in_bed":3,"minecraft:time_since_rest":23558,"minecraft:damage_taken":6074,"minecraft:damage_absorbed":362,"minecraft:damage_dealt":10419,"tombstone:cast_on_ally":1,"minecraft:fly_one_cm":495231,"minecraft:swim_one_cm":17473,"minecraft:open_chest":99,"minecraft:crouch_one_cm":433,"tombstone:undead_killed":47,"minecraft:fall_one_cm":112006},"minecraft:mined":{"minecraft:waxed_cut_copper_slab":1,"minecraft:spruce_planks":4,"minecraft:white_bed":2,"minecraft:mossy_cobblestone":5,"minecraft:brewing_stand":1,"minecraft:lever":1,"minecraft:nether_bricks":6,"minecraft:budding_amethyst":1,"minecraft:grass_block":4,"minecraft:mangrove_fence":1,"biomesoplenty:cattail":1,"biomesoplenty:tundra_shrub":1,"minecraft:spawner":22,"minecraft:black_stained_glass_pane":2,"minecraft:glowstone":1,"minecraft:andesite":3,"minecraft:enchanting_table":1,"minecraft:bookshelf":4,"minecraft:iron_bars":22,"minecraft:stone":38,"minecraft:granite_stairs":1,"minecraft:waxed_cut_copper_stairs":1,"minecraft:redstone_block":2,"minecraft:orange_terracotta":1,"minecraft:powder_snow":52,"minecraft:polished_granite":1,"minecraft:nether_brick_slab":2,"minecraft:cobblestone":1,"minecraft:lapis_ore":1,"minecraft:bricks":1,"minecraft:wall_torch":1,"minecraft:red_terracotta":3,"minecraft:spruce_log":128,"minecraft:jukebox":1,"minecraft:potted_poppy":1,"minecraft:grass":5,"minecraft:coal_ore":3,"minecraft:gravel":3,"minecraft:sand":1,"minecraft:dirt":5,"minecraft:cracked_stone_bricks":3,"minecraft:stone_bricks":6,"minecraft:netherrack":1,"minecraft:mossy_stone_bricks":2,"minecraft:redstone_lamp":4,"minecraft:fern":18,"biomesoplenty:reed":6},"minecraft:dropped":{"minecraft:glass_bottle":5,"minecraft:iron_helmet":1,"minecraft:cobblestone":4,"orcz:orceye":1,"minecraft:dirt":1,"minecraft:ink_sac":1,"tombstone:familiar_receptacle":1,"minecraft:waxed_cut_copper_slab":2,"minecraft:rotten_flesh":2,"minecraft:red_terracotta":2,"minecraft:diamond_sword":1,"minecraft:spruce_planks":3},"minecraft:picked_up":{"minecraft:redstone_block":2,"minecraft:flower_pot":1,"minecraft:redstone_lamp":4,"minecraft:golden_pickaxe":1,"minecraft:diamond_sword":1,"minecraft:brewing_stand":1,"minecraft:shield":1,"minecraft:string":19,"minecraft:waxed_cut_copper_slab":2,"minecraft:item_frame":1,"croptopia:soybean":1,"minecraft:cracked_stone_bricks":1,"minecraft:bucket":2,"minecraft:spruce_planks":3,"minecraft:redstone_torch":2,"minecraft:poppy":1,"minecraft:iron_pickaxe":1,"minecraft:sugar_cane":1,"minecraft:chest":1,"minecraft:iron_boots":1,"minecraft:stick":2,"minecraft:jukebox":1,"croptopia:soybean_seed":2,"minecraft:torch":1,"farmersdelight:tomato_seeds":6,"tombstone:grave_dust":3,"tombstone:tablet_of_cupidity":1,"croptopia:squash_seed":1,"minecraft:arrow":11,"minecraft:rotten_flesh":21,"minecraft:nether_bricks":5,"tombstone:scroll_of_aquatic_life":1,"minecraft:saddle":2,"minecraft:iron_bars":22,"minecraft:cobblestone":42,"minecraft:enchanting_table":1,"minecraft:leather_chestplate":1,"orcz:orcteeth":37,"paraglider:spirit_orb":36,"minecraft:flint":2,"minecraft:granite_stairs":1,"minecraft:oak_log":1,"minecraft:gunpowder":7,"minecraft:lapis_lazuli":9,"minecraft:dirt":4,"tombstone:gift":1,"minecraft:name_tag":2,"minecraft:orange_terracotta":1,"minecraft:leather_boots":1,"minecraft:bone":23,"minecraft:stone_bricks":7,"minecraft:bow":1,"minecraft:mossy_stone_bricks":3,"minecraft:glowstone_dust":4,"minecraft:book":6,"minecraft:sand":3,"minecraft:spruce_sapling":7,"minecraft:white_bed":2,"minecraft:spruce_log":111,"minecraft:nether_brick_slab":1,"minecraft:spider_eye":13,"minecraft:red_terracotta":5,"minecraft:mossy_cobblestone":4,"minecraft:diamond":7,"minecraft:lever":1,"minecraft:iron_helmet":2,"orcz:ironscrap":1,"orcz:orceye":1,"minecraft:netherrack":1,"minecraft:coal":4},"minecraft:used":{"minecraft:iron_bars":2,"minecraft:iron_sword":153,"minecraft:torch":15,"minecraft:dirt":4,"minecraft:nether_bricks":60,"minecraft:stone_bricks":4,"minecraft:item_frame":1,"minecraft:bow":71,"tombstone:gift":1,"minecraft:cooked_beef":50,"minecraft:mossy_stone_bricks":3,"minecraft:ender_pearl":4,"minecraft:leather_chestplate":1,"minecraft:cracked_stone_bricks":1,"minecraft:golden_apple":10,"minecraft:white_bed":3,"minecraft:diamond_pickaxe":133,"minecraft:diamond_shovel":16,"minecraft:iron_pickaxe":4,"minecraft:stone_axe":157,"minecraft:diamond_sword":208,"minecraft:potion":5,"minecraft:cobblestone":18,"minecraft:golden_pickaxe":12},"minecraft:killed":{"minecraft:spider":8,"minecraft:skeleton":10,"orcz:squig":1,"orcz:orcsavagemace":1,"orcz:orcsavageweird":1,"minecraft:creeper":1,"minecraft:pillager":1,"minecraft:zombie":36,"minecraft:stray":1,"orcz:bigorcboss":2,"orcz:orcsavage_2sword":1,"orcz:orcshield":2},"minecraft:broken":{"minecraft:leather_chestplate":1,"minecraft:stone_axe":1,"minecraft:iron_pickaxe":1,"minecraft:golden_pickaxe":1}},"DataVersion":3465}