{"stats":{"minecraft:custom":{"minecraft:mob_kills":50,"tombstone:raider_killed":1,"minecraft:open_barrel":2,"minecraft:time_since_death":1597,"minecraft:sleep_in_bed":2,"minecraft:climb_one_cm":1036,"minecraft:time_since_rest":853,"minecraft:sprint_one_cm":275520,"minecraft:walk_one_cm":32111,"minecraft:damage_taken":3569,"minecraft:damage_absorbed":322,"minecraft:drop":4,"minecraft:damage_dealt":5559,"tombstone:cast_on_ally":1,"minecraft:swim_one_cm":2972,"minecraft:fly_one_cm":216334,"minecraft:open_chest":64,"minecraft:play_time":62477,"tombstone:undead_killed":42,"minecraft:deaths":2,"minecraft:walk_under_water_one_cm":1976,"minecraft:jump":797,"minecraft:walk_on_water_one_cm":8341,"minecraft:total_world_time":62477,"minecraft:fall_one_cm":52521},"minecraft:mined":{"minecraft:redstone_block":2,"minecraft:white_bed":1,"minecraft:mossy_cobblestone":5,"minecraft:orange_terracotta":1,"minecraft:powder_snow":23,"minecraft:brewing_stand":1,"minecraft:lever":1,"minecraft:budding_amethyst":1,"minecraft:grass_block":1,"minecraft:nether_brick_slab":2,"biomesoplenty:tundra_shrub":1,"minecraft:wall_torch":1,"minecraft:spawner":17,"minecraft:glowstone":1,"minecraft:jukebox":1,"minecraft:andesite":1,"minecraft:potted_poppy":1,"minecraft:grass":5,"minecraft:iron_bars":14,"minecraft:dirt":2,"minecraft:cracked_stone_bricks":3,"minecraft:stone_bricks":6,"minecraft:stone":6,"minecraft:mossy_stone_bricks":2,"minecraft:fern":3,"minecraft:redstone_lamp":4},"minecraft:dropped":{"minecraft:glass_bottle":3,"minecraft:ink_sac":1},"minecraft:picked_up":{"minecraft:leather_chestplate":1,"minecraft:redstone_block":2,"minecraft:flower_pot":1,"minecraft:golden_pickaxe":1,"minecraft:redstone_lamp":4,"paraglider:spirit_orb":30,"minecraft:flint":2,"minecraft:oak_log":1,"minecraft:brewing_stand":1,"minecraft:shield":1,"minecraft:gunpowder":7,"minecraft:string":17,"tombstone:gift":1,"minecraft:name_tag":2,"minecraft:orange_terracotta":1,"minecraft:leather_boots":1,"croptopia:soybean":1,"minecraft:bone":18,"minecraft:stone_bricks":7,"minecraft:cracked_stone_bricks":1,"minecraft:bow":1,"minecraft:bucket":2,"minecraft:redstone_torch":2,"minecraft:mossy_stone_bricks":3,"minecraft:poppy":1,"minecraft:iron_pickaxe":1,"minecraft:glowstone_dust":4,"minecraft:chest":1,"minecraft:iron_boots":1,"minecraft:stick":2,"minecraft:jukebox":1,"croptopia:soybean_seed":2,"minecraft:torch":1,"farmersdelight:tomato_seeds":6,"tombstone:grave_dust":3,"minecraft:white_bed":1,"minecraft:nether_brick_slab":1,"minecraft:spider_eye":12,"tombstone:tablet_of_cupidity":1,"minecraft:mossy_cobblestone":4,"minecraft:arrow":8,"minecraft:rotten_flesh":19,"croptopia:squash_seed":1,"minecraft:lever":1,"minecraft:iron_helmet":2,"minecraft:saddle":2,"tombstone:scroll_of_aquatic_life":1,"minecraft:iron_bars":14,"minecraft:coal":1,"minecraft:cobblestone":6},"minecraft:used":{"minecraft:mossy_stone_bricks":3,"minecraft:iron_bars":2,"minecraft:leather_chestplate":1,"minecraft:iron_sword":153,"minecraft:cracked_stone_bricks":1,"minecraft:torch":15,"minecraft:golden_apple":9,"minecraft:nether_bricks":20,"minecraft:white_bed":1,"minecraft:diamond_pickaxe":54,"minecraft:diamond_shovel":16,"minecraft:iron_pickaxe":4,"minecraft:stone_bricks":4,"minecraft:cobblestone":2,"minecraft:diamond_sword":37,"minecraft:bow":59,"minecraft:potion":3,"tombstone:gift":1,"minecraft:cooked_beef":24,"minecraft:golden_pickaxe":12},"minecraft:killed":{"minecraft:spider":6,"minecraft:creeper":1,"minecraft:skeleton":7,"minecraft:pillager":1,"minecraft:zombie":34,"minecraft:stray":1},"minecraft:broken":{"minecraft:iron_pickaxe":1,"minecraft:golden_pickaxe":1,"minecraft:leather_chestplate":1}},"DataVersion":3465}