{"stats":{"minecraft:custom":{"minecraft:mob_kills":42,"minecraft:time_since_death":38477,"minecraft:sleep_in_bed":2,"minecraft:time_since_rest":17401,"minecraft:sprint_one_cm":201938,"minecraft:walk_one_cm":20358,"minecraft:damage_taken":2239,"minecraft:damage_absorbed":124,"minecraft:drop":4,"minecraft:damage_dealt":3856,"tombstone:cast_on_ally":1,"minecraft:swim_one_cm":2833,"minecraft:fly_one_cm":83439,"minecraft:open_chest":41,"minecraft:play_time":38477,"tombstone:undead_killed":36,"minecraft:walk_under_water_one_cm":1177,"minecraft:jump":389,"minecraft:walk_on_water_one_cm":2003,"minecraft:total_world_time":38477,"minecraft:fall_one_cm":26192},"minecraft:mined":{"minecraft:redstone_block":2,"minecraft:white_bed":1,"minecraft:mossy_cobblestone":3,"minecraft:orange_terracotta":1,"minecraft:powder_snow":5,"minecraft:brewing_stand":1,"minecraft:lever":1,"minecraft:budding_amethyst":1,"minecraft:grass_block":1,"biomesoplenty:tundra_shrub":1,"minecraft:wall_torch":1,"minecraft:spawner":14,"minecraft:glowstone":1,"minecraft:jukebox":1,"minecraft:andesite":1,"minecraft:potted_poppy":1,"minecraft:grass":5,"minecraft:iron_bars":14,"minecraft:dirt":1,"minecraft:cracked_stone_bricks":1,"minecraft:stone_bricks":4,"minecraft:stone":4,"minecraft:mossy_stone_bricks":1,"minecraft:fern":3,"minecraft:redstone_lamp":4},"minecraft:dropped":{"minecraft:glass_bottle":3,"minecraft:ink_sac":1},"minecraft:picked_up":{"minecraft:leather_chestplate":1,"minecraft:redstone_block":2,"minecraft:flower_pot":1,"minecraft:golden_pickaxe":1,"minecraft:redstone_lamp":4,"paraglider:spirit_orb":24,"minecraft:flint":2,"minecraft:oak_log":1,"minecraft:brewing_stand":1,"minecraft:shield":1,"minecraft:gunpowder":7,"minecraft:string":15,"tombstone:gift":1,"minecraft:name_tag":2,"minecraft:orange_terracotta":1,"minecraft:leather_boots":1,"croptopia:soybean":1,"minecraft:bone":15,"minecraft:stone_bricks":5,"minecraft:bow":1,"minecraft:bucket":2,"minecraft:redstone_torch":2,"minecraft:mossy_stone_bricks":2,"minecraft:poppy":1,"minecraft:iron_pickaxe":1,"minecraft:glowstone_dust":4,"minecraft:chest":1,"minecraft:iron_boots":1,"minecraft:jukebox":1,"croptopia:soybean_seed":2,"minecraft:torch":1,"farmersdelight:tomato_seeds":6,"tombstone:grave_dust":3,"minecraft:white_bed":1,"minecraft:spider_eye":11,"tombstone:tablet_of_cupidity":1,"minecraft:mossy_cobblestone":3,"minecraft:arrow":5,"minecraft:rotten_flesh":17,"croptopia:squash_seed":1,"minecraft:lever":1,"minecraft:iron_helmet":2,"minecraft:saddle":2,"tombstone:scroll_of_aquatic_life":1,"minecraft:iron_bars":14,"minecraft:coal":1,"minecraft:cobblestone":4},"minecraft:used":{"minecraft:iron_bars":2,"minecraft:leather_chestplate":1,"minecraft:iron_sword":134,"minecraft:torch":15,"minecraft:golden_apple":3,"minecraft:white_bed":1,"minecraft:diamond_pickaxe":40,"minecraft:diamond_shovel":16,"minecraft:iron_pickaxe":4,"minecraft:bow":53,"minecraft:potion":3,"tombstone:gift":1,"minecraft:cooked_beef":18,"minecraft:golden_pickaxe":12},"minecraft:killed":{"minecraft:spider":5,"minecraft:creeper":1,"minecraft:skeleton":7,"minecraft:zombie":29},"minecraft:broken":{"minecraft:iron_pickaxe":1,"minecraft:golden_pickaxe":1}},"DataVersion":3465}