{"stats":{"minecraft:custom":{"minecraft:time_since_rest":5401,"minecraft:sprint_one_cm":124811,"minecraft:damage_absorbed":44,"minecraft:damage_taken":1159,"minecraft:walk_one_cm":12569,"minecraft:mob_kills":27,"minecraft:drop":3,"minecraft:damage_dealt":2946,"minecraft:swim_one_cm":1808,"minecraft:fly_one_cm":71300,"minecraft:open_chest":29,"minecraft:play_time":26477,"tombstone:undead_killed":21,"minecraft:walk_under_water_one_cm":375,"minecraft:jump":303,"minecraft:walk_on_water_one_cm":1490,"minecraft:time_since_death":26477,"minecraft:sleep_in_bed":2,"minecraft:total_world_time":26477,"minecraft:fall_one_cm":17962},"minecraft:mined":{"minecraft:white_bed":1,"minecraft:redstone_block":2,"minecraft:mossy_cobblestone":1,"minecraft:jukebox":1,"minecraft:andesite":1,"minecraft:powder_snow":5,"minecraft:brewing_stand":1,"minecraft:potted_poppy":1,"minecraft:grass":5,"minecraft:grass_block":1,"minecraft:iron_bars":12,"minecraft:dirt":1,"minecraft:cracked_stone_bricks":1,"minecraft:stone":4,"minecraft:stone_bricks":2,"biomesoplenty:tundra_shrub":1,"minecraft:redstone_lamp":4,"minecraft:fern":3,"minecraft:spawner":9},"minecraft:dropped":{"minecraft:ink_sac":1,"minecraft:glass_bottle":2},"minecraft:picked_up":{"minecraft:golden_pickaxe":1,"minecraft:leather_chestplate":1,"minecraft:redstone_block":2,"minecraft:jukebox":1,"minecraft:flower_pot":1,"croptopia:soybean_seed":2,"minecraft:redstone_lamp":4,"paraglider:spirit_orb":14,"farmersdelight:tomato_seeds":6,"minecraft:oak_log":1,"tombstone:grave_dust":1,"minecraft:brewing_stand":1,"minecraft:white_bed":1,"minecraft:gunpowder":7,"tombstone:tablet_of_cupidity":1,"minecraft:spider_eye":4,"minecraft:string":15,"minecraft:mossy_cobblestone":1,"minecraft:name_tag":2,"minecraft:leather_boots":1,"croptopia:soybean":1,"minecraft:arrow":3,"minecraft:bone":3,"minecraft:stone_bricks":3,"croptopia:squash_seed":1,"minecraft:rotten_flesh":9,"minecraft:bow":1,"minecraft:bucket":2,"tombstone:scroll_of_aquatic_life":1,"minecraft:poppy":1,"minecraft:chest":1,"minecraft:coal":1,"minecraft:iron_bars":12,"minecraft:iron_boots":1,"minecraft:cobblestone":4},"minecraft:used":{"minecraft:iron_bars":2,"minecraft:diamond_pickaxe":37,"minecraft:diamond_shovel":16,"minecraft:leather_chestplate":1,"minecraft:iron_sword":87,"minecraft:golden_apple":1,"minecraft:torch":10,"minecraft:potion":2,"minecraft:bow":26,"minecraft:white_bed":1,"minecraft:cooked_beef":11,"minecraft:golden_pickaxe":3},"minecraft:killed":{"minecraft:skeleton":4,"minecraft:zombie":17,"minecraft:spider":5,"minecraft:creeper":1}},"DataVersion":3465}