{"stats":{"minecraft:custom":{"minecraft:mob_kills":55,"tombstone:raider_killed":1,"minecraft:open_barrel":3,"minecraft:time_since_death":16614,"minecraft:sleep_in_bed":3,"minecraft:climb_one_cm":1796,"minecraft:time_since_rest":16366,"minecraft:sprint_one_cm":352329,"minecraft:walk_one_cm":44667,"minecraft:damage_taken":4950,"minecraft:damage_absorbed":362,"minecraft:drop":11,"minecraft:damage_dealt":6572,"tombstone:cast_on_ally":1,"minecraft:swim_one_cm":3538,"minecraft:fly_one_cm":364447,"minecraft:open_chest":72,"minecraft:crouch_one_cm":433,"minecraft:sneak_time":229,"minecraft:play_time":86477,"tombstone:undead_killed":44,"minecraft:deaths":3,"minecraft:walk_under_water_one_cm":2595,"minecraft:jump":1252,"minecraft:walk_on_water_one_cm":9016,"minecraft:total_world_time":86477,"minecraft:fall_one_cm":80084},"minecraft:mined":{"minecraft:waxed_cut_copper_stairs":1,"minecraft:waxed_cut_copper_slab":1,"minecraft:spruce_planks":4,"minecraft:redstone_block":2,"minecraft:white_bed":2,"minecraft:mossy_cobblestone":5,"minecraft:orange_terracotta":1,"minecraft:powder_snow":38,"minecraft:brewing_stand":1,"minecraft:nether_bricks":4,"minecraft:lever":1,"minecraft:budding_amethyst":1,"minecraft:grass_block":4,"minecraft:mangrove_fence":1,"minecraft:nether_brick_slab":2,"biomesoplenty:tundra_shrub":1,"minecraft:wall_torch":1,"minecraft:spawner":18,"minecraft:black_stained_glass_pane":2,"minecraft:red_terracotta":3,"minecraft:glowstone":1,"minecraft:jukebox":1,"minecraft:andesite":3,"minecraft:potted_poppy":1,"minecraft:grass":5,"minecraft:iron_bars":14,"minecraft:sand":1,"minecraft:gravel":2,"minecraft:dirt":5,"minecraft:cracked_stone_bricks":3,"minecraft:stone_bricks":6,"minecraft:stone":38,"minecraft:mossy_stone_bricks":2,"minecraft:fern":3,"minecraft:redstone_lamp":4},"minecraft:dropped":{"minecraft:glass_bottle":3,"minecraft:iron_helmet":1,"minecraft:red_terracotta":2,"minecraft:diamond_sword":1,"minecraft:dirt":1,"minecraft:ink_sac":1,"minecraft:spruce_planks":3,"minecraft:waxed_cut_copper_slab":2},"minecraft:picked_up":{"minecraft:leather_chestplate":1,"orcz:orcteeth":4,"minecraft:redstone_block":2,"minecraft:flower_pot":1,"minecraft:golden_pickaxe":1,"minecraft:redstone_lamp":4,"minecraft:diamond_sword":1,"paraglider:spirit_orb":32,"minecraft:flint":2,"minecraft:oak_log":1,"minecraft:brewing_stand":1,"minecraft:shield":1,"minecraft:gunpowder":7,"minecraft:dirt":4,"minecraft:waxed_cut_copper_slab":2,"minecraft:string":19,"tombstone:gift":1,"minecraft:name_tag":2,"minecraft:orange_terracotta":1,"minecraft:item_frame":1,"minecraft:leather_boots":1,"croptopia:soybean":1,"minecraft:bone":21,"minecraft:stone_bricks":7,"minecraft:cracked_stone_bricks":1,"minecraft:bow":1,"minecraft:bucket":2,"minecraft:spruce_planks":3,"minecraft:redstone_torch":2,"minecraft:mossy_stone_bricks":3,"minecraft:poppy":1,"minecraft:iron_pickaxe":1,"minecraft:glowstone_dust":4,"minecraft:sugar_cane":1,"minecraft:chest":1,"minecraft:iron_boots":1,"minecraft:stick":2,"minecraft:jukebox":1,"croptopia:soybean_seed":2,"minecraft:torch":1,"farmersdelight:tomato_seeds":6,"tombstone:grave_dust":3,"minecraft:white_bed":2,"minecraft:nether_brick_slab":1,"minecraft:red_terracotta":5,"minecraft:spider_eye":13,"tombstone:tablet_of_cupidity":1,"minecraft:mossy_cobblestone":4,"minecraft:arrow":10,"minecraft:rotten_flesh":19,"croptopia:squash_seed":1,"minecraft:nether_bricks":3,"minecraft:lever":1,"minecraft:iron_helmet":2,"minecraft:saddle":2,"tombstone:scroll_of_aquatic_life":1,"orcz:ironscrap":1,"minecraft:iron_bars":14,"minecraft:coal":1,"minecraft:cobblestone":38},"minecraft:used":{"minecraft:mossy_stone_bricks":3,"minecraft:iron_bars":2,"minecraft:ender_pearl":4,"minecraft:leather_chestplate":1,"minecraft:iron_sword":153,"minecraft:cracked_stone_bricks":1,"minecraft:torch":15,"minecraft:golden_apple":10,"minecraft:dirt":4,"minecraft:nether_bricks":50,"minecraft:white_bed":3,"minecraft:diamond_pickaxe":106,"minecraft:diamond_shovel":16,"minecraft:iron_pickaxe":4,"minecraft:stone_bricks":4,"minecraft:item_frame":1,"minecraft:cobblestone":18,"minecraft:diamond_sword":70,"minecraft:bow":71,"minecraft:potion":3,"tombstone:gift":1,"minecraft:cooked_beef":37,"minecraft:golden_pickaxe":12},"minecraft:killed":{"minecraft:spider":6,"minecraft:creeper":1,"minecraft:skeleton":9,"minecraft:pillager":1,"minecraft:zombie":34,"minecraft:stray":1,"orcz:orcsavageweird":1},"minecraft:broken":{"minecraft:iron_pickaxe":1,"minecraft:golden_pickaxe":1,"minecraft:leather_chestplate":1}},"DataVersion":3465}