{"stats":{"minecraft:custom":{"minecraft:interact_with_furnace":1,"minecraft:mob_kills":111,"minecraft:open_barrel":1,"minecraft:damage_dealt_resisted":241,"minecraft:leave_game":9,"minecraft:time_since_death":46869,"minecraft:sleep_in_bed":1,"minecraft:climb_one_cm":21158,"minecraft:time_since_rest":9017,"minecraft:sprint_one_cm":535464,"minecraft:damage_taken":4730,"minecraft:walk_one_cm":237882,"minecraft:damage_blocked_by_shield":710,"minecraft:drop":7,"minecraft:damage_dealt":19055,"minecraft:swim_one_cm":32030,"minecraft:fly_one_cm":307803,"minecraft:open_chest":78,"minecraft:crouch_one_cm":1355,"minecraft:play_time":86196,"minecraft:sneak_time":1365,"tombstone:undead_killed":71,"minecraft:deaths":2,"minecraft:walk_under_water_one_cm":4623,"minecraft:jump":1396,"minecraft:walk_on_water_one_cm":14359,"minecraft:total_world_time":86196,"minecraft:fall_one_cm":36892},"minecraft:crafted":{"minecraft:oak_planks":20},"minecraft:mined":{"minecraft:mossy_cobblestone":6,"minecraft:chiseled_red_sandstone":1,"minecraft:orange_terracotta":1,"minecraft:smooth_sandstone":1,"minecraft:torch":8,"minecraft:red_sand":1,"alexsmobs:leafcutter_ant_chamber":1,"minecraft:sandstone":2,"minecraft:wall_torch":8,"minecraft:spawner":33,"minecraft:red_sandstone":2,"minecraft:stone_brick_stairs":1,"minecraft:mossy_stone_brick_stairs":1,"minecraft:pointed_dripstone":1,"minecraft:oak_log":5,"minecraft:vine":2,"minecraft:iron_bars":14,"minecraft:cracked_stone_bricks":1,"minecraft:stone":1,"minecraft:mossy_stone_bricks":5,"minecraft:redstone_lamp":1},"minecraft:dropped":{"minecraft:cooked_beef":6,"minecraft:coal":1},"minecraft:picked_up":{"minecraft:iron_chestplate":1,"minecraft:cooked_beef":6,"minecraft:sandstone_slab":1,"orcz:orcteeth":26,"minecraft:chainmail_boots":1,"farmersdelight:rice":2,"minecraft:golden_pickaxe":1,"minecraft:leather_leggings":2,"minecraft:golden_leggings":2,"paraglider:spirit_orb":68,"minecraft:chainmail_chestplate":1,"minecraft:stone_brick_stairs":1,"minecraft:oak_log":5,"minecraft:golden_boots":1,"minecraft:shield":1,"minecraft:gunpowder":15,"minecraft:string":17,"minecraft:orange_terracotta":1,"minecraft:iron_leggings":2,"minecraft:leather_boots":3,"minecraft:smooth_sandstone":1,"minecraft:bone":37,"minecraft:stone_bricks":2,"farmersdelight:cooking_pot":1,"minecraft:red_sandstone":1,"minecraft:candle":1,"minecraft:cobbled_deepslate":27,"minecraft:redstone_torch":2,"minecraft:mossy_stone_bricks":3,"minecraft:mossy_stone_brick_stairs":2,"minecraft:soul_sand":1,"alexsmobs:leafcutter_ant_chamber":1,"minecraft:tipped_arrow":10,"minecraft:sandstone":2,"orcz:orcskull":1,"minecraft:torch":29,"minecraft:gravel":2,"minecraft:sandstone_wall":3,"minecraft:porkchop":8,"minecraft:sand":3,"orcz:orchorn":1,"orcz:squigs_claws":2,"minecraft:nether_brick_stairs":2,"tombstone:grave_dust":7,"minecraft:diamond_block":1,"minecraft:spider_eye":5,"minecraft:mossy_cobblestone":6,"minecraft:leather_helmet":1,"minecraft:cut_red_sandstone":1,"mutantmonsters:creeper_shard":1,"minecraft:bundle":2,"minecraft:arrow":24,"minecraft:rotten_flesh":46,"minecraft:stone_shovel":2,"minecraft:lever":1,"alexsmobs:emu_egg":1,"tombstone:magic_scroll":2,"minecraft:netherrack":1,"minecraft:iron_bars":14,"minecraft:coal":1,"minecraft:cobblestone":13},"minecraft:used":{"minecraft:oak_planks":20,"minecraft:shield":23,"minecraft:sandstone":2,"minecraft:diamond_axe":13,"minecraft:sandstone_wall":3,"minecraft:golden_apple":1,"minecraft:torch":239,"minecraft:smooth_sandstone":1,"minecraft:stone_bricks":1,"tombstone:grave_key":2,"minecraft:gravel":1,"minecraft:potion":2,"minecraft:diamond_sword":445,"minecraft:bow":73,"minecraft:sandstone_slab":1,"tombstone:gift":5,"minecraft:cooked_beef":49,"minecraft:orange_terracotta":1,"minecraft:golden_pickaxe":79},"minecraft:killed":{"minecraft:cave_spider":8,"minecraft:pig":4,"minecraft:spider":6,"minecraft:creeper":1,"minecraft:skeleton":17,"mutantmonsters:creeper_minion":4,"minecraft:zombie":36,"orcz:squig":2,"minecraft:stray":15,"orcz:bigorcboss":2,"minecraft:silverfish":1,"orcz:orcsavagemace":2,"mutantmonsters:mutant_creeper":2,"orcz:goblin_2sword":1,"orcz:orcsavage_2sword":2,"minecraft:wither_skeleton":3,"orcz:orcshield":2},"minecraft:broken":{"minecraft:iron_chestplate":1,"minecraft:iron_leggings":1}},"DataVersion":3465}