{"stats":{"minecraft:killed":{"alexsmobs:banana_slug":1,"hunters_return:hunter":4,"orcz:orcsavage_2sword":1},"minecraft:crafted":{"biomesoplenty:fir_planks":8,"minecraft:iron_axe":1,"minecraft:crafting_table":1,"minecraft:stick":4,"minecraft:iron_sword":1,"minecraft:bread":116,"minecraft:wheat":342},"minecraft:dropped":{"mca:book_romance":1,"alexsmobs:animal_dictionary":1,"orcz:palisadedarkoak":2,"pfm:furniture_book":1,"minecraft:bone":3},"minecraft:picked_up":{"minecraft:crafting_table":2,"minecraft:chicken":6,"biomesoplenty:fir_log":2,"minecraft:porkchop":4,"minecraft:white_bed":1,"orcz:palisadedarkoak":2,"minecraft:string":1,"minecraft:dirt":10,"minecraft:cooked_mutton":4,"minecraft:arrow":16,"minecraft:wheat_seeds":1,"minecraft:hay_block":38,"minecraft:beef":2,"minecraft:cooked_chicken":4,"minecraft:emerald":2,"minecraft:mutton":4},"minecraft:used":{"minecraft:water_bucket":6,"minecraft:apple":1,"minecraft:iron_axe":7,"minecraft:bread":12,"minecraft:iron_sword":34,"minecraft:fire_charge":1,"minecraft:dirt":10,"minecraft:bow":20,"minecraft:crafting_table":2,"minecraft:bucket":7,"alexsmobs:animal_dictionary":4},"minecraft:custom":{"minecraft:time_since_rest":225,"minecraft:sprint_one_cm":135749,"minecraft:damage_taken":1006,"minecraft:walk_one_cm":67566,"minecraft:mob_kills":6,"minecraft:drop":5,"tombstone:raider_killed":4,"minecraft:damage_dealt":1043,"minecraft:talked_to_villager":1,"minecraft:swim_one_cm":9364,"minecraft:interact_with_crafting_table":4,"minecraft:fly_one_cm":157008,"minecraft:open_barrel":8,"minecraft:open_chest":24,"minecraft:crouch_one_cm":1,"minecraft:play_time":37670,"minecraft:deaths":2,"minecraft:sneak_time":4,"minecraft:walk_under_water_one_cm":1497,"minecraft:jump":788,"minecraft:leave_game":3,"minecraft:time_since_death":325,"minecraft:walk_on_water_one_cm":2956,"minecraft:sleep_in_bed":3,"minecraft:climb_one_cm":1574,"minecraft:total_world_time":37670,"minecraft:fall_one_cm":22327},"minecraft:mined":{"minecraft:hay_block":38,"untamedwilds:block_burrow":1,"minecraft:white_bed":1,"minecraft:powder_snow":12,"orcz:palisadedarkoak":6,"biomesoplenty:fir_log":2,"minecraft:crafting_table":2,"minecraft:grass":5,"minecraft:grass_block":6,"minecraft:dirt_path":2,"minecraft:dirt":2,"minecraft:cobweb":1,"minecraft:fern":3}},"DataVersion":3465}