{"stats":{"minecraft:custom":{"minecraft:interact_with_furnace":12,"minecraft:mob_kills":116,"minecraft:interact_with_crafting_table":1,"minecraft:open_barrel":1,"minecraft:damage_dealt_resisted":363,"minecraft:leave_game":9,"minecraft:time_since_death":58869,"minecraft:sleep_in_bed":2,"minecraft:climb_one_cm":21158,"minecraft:time_since_rest":8983,"minecraft:damage_absorbed":133,"minecraft:sprint_one_cm":589202,"minecraft:damage_taken":5036,"minecraft:walk_one_cm":268292,"minecraft:damage_blocked_by_shield":710,"minecraft:drop":7,"minecraft:damage_dealt":19860,"minecraft:swim_one_cm":32967,"minecraft:fly_one_cm":372465,"minecraft:open_chest":82,"minecraft:crouch_one_cm":1355,"minecraft:play_time":98196,"minecraft:sneak_time":1365,"tombstone:undead_killed":71,"minecraft:deaths":2,"minecraft:walk_under_water_one_cm":4731,"minecraft:jump":1714,"minecraft:walk_on_water_one_cm":14546,"minecraft:total_world_time":98196,"minecraft:fall_one_cm":43071},"minecraft:crafted":{"minecraft:oak_planks":20,"minecraft:cooked_porkchop":8,"minecraft:furnace":1,"minecraft:cooked_mutton":1,"minecraft:air":0},"minecraft:mined":{"minecraft:white_bed":1,"minecraft:mossy_cobblestone":6,"minecraft:chiseled_red_sandstone":1,"minecraft:orange_terracotta":1,"minecraft:crafting_table":1,"minecraft:smooth_sandstone":1,"minecraft:torch":8,"minecraft:red_sand":1,"alexsmobs:leafcutter_ant_chamber":1,"minecraft:oak_planks":2,"minecraft:sandstone":2,"minecraft:wall_torch":8,"minecraft:spawner":34,"minecraft:air":76,"minecraft:furnace":1,"minecraft:red_sandstone":2,"minecraft:smooth_stone_slab":1,"dynamictrees:oak_branch":39,"minecraft:coal_ore":25,"minecraft:stone_brick_stairs":1,"minecraft:mossy_stone_brick_stairs":1,"minecraft:pointed_dripstone":1,"minecraft:oak_log":5,"minecraft:vine":2,"minecraft:iron_bars":14,"minecraft:cracked_stone_bricks":1,"minecraft:stone":14,"minecraft:mossy_stone_bricks":5,"minecraft:redstone_lamp":1},"minecraft:dropped":{"minecraft:cooked_beef":6,"minecraft:coal":1},"minecraft:picked_up":{"minecraft:crafting_table":1,"minecraft:iron_chestplate":1,"minecraft:cooked_beef":6,"minecraft:sandstone_slab":1,"orcz:orcteeth":48,"minecraft:chainmail_boots":1,"farmersdelight:rice":2,"minecraft:golden_pickaxe":1,"minecraft:leather_leggings":2,"minecraft:golden_leggings":2,"paraglider:spirit_orb":70,"minecraft:chainmail_chestplate":1,"minecraft:stone_brick_stairs":1,"minecraft:oak_log":5,"minecraft:golden_boots":1,"minecraft:shield":1,"minecraft:gunpowder":15,"minecraft:string":17,"minecraft:smooth_stone_slab":1,"minecraft:orange_terracotta":1,"minecraft:iron_leggings":2,"minecraft:leather_boots":3,"minecraft:smooth_sandstone":1,"minecraft:bone":37,"minecraft:stone_bricks":2,"farmersdelight:cooking_pot":1,"minecraft:red_sandstone":1,"minecraft:candle":1,"minecraft:cobbled_deepslate":27,"minecraft:redstone_torch":2,"minecraft:mossy_stone_bricks":3,"minecraft:oak_planks":2,"minecraft:mossy_stone_brick_stairs":2,"minecraft:soul_sand":1,"minecraft:furnace":1,"alexsmobs:leafcutter_ant_chamber":1,"minecraft:tipped_arrow":10,"minecraft:sandstone":2,"orcz:orcskull":1,"minecraft:torch":29,"minecraft:gravel":2,"minecraft:sandstone_wall":3,"minecraft:porkchop":8,"minecraft:sand":3,"orcz:orchorn":2,"orcz:squigs_claws":2,"minecraft:nether_brick_stairs":2,"tombstone:grave_dust":7,"minecraft:white_bed":1,"minecraft:diamond":6,"minecraft:diamond_block":1,"minecraft:spider_eye":5,"minecraft:mossy_cobblestone":6,"minecraft:leather_helmet":1,"minecraft:cut_red_sandstone":1,"mutantmonsters:creeper_shard":1,"minecraft:bundle":2,"minecraft:arrow":24,"minecraft:rotten_flesh":46,"minecraft:stone_shovel":2,"minecraft:lever":1,"alexsmobs:emu_egg":1,"orcz:ironscrap":1,"tombstone:magic_scroll":2,"minecraft:netherrack":1,"minecraft:iron_bars":14,"minecraft:coal":49,"minecraft:cobblestone":25},"minecraft:used":{"minecraft:oak_planks":22,"minecraft:shield":23,"minecraft:sandstone":2,"minecraft:diamond_axe":134,"minecraft:sandstone_wall":3,"minecraft:golden_apple":4,"minecraft:torch":239,"minecraft:crafting_table":1,"minecraft:white_bed":1,"minecraft:smooth_sandstone":1,"minecraft:stone_bricks":1,"tombstone:grave_key":2,"minecraft:gravel":1,"minecraft:potion":2,"minecraft:diamond_sword":460,"minecraft:bow":85,"minecraft:cooked_porkchop":2,"minecraft:furnace":1,"minecraft:sandstone_slab":1,"tombstone:gift":5,"minecraft:cooked_beef":49,"minecraft:orange_terracotta":1,"minecraft:golden_pickaxe":121},"minecraft:killed":{"minecraft:cave_spider":8,"minecraft:pig":4,"orcz:goblinsavagemace":1,"minecraft:spider":6,"minecraft:creeper":1,"minecraft:skeleton":17,"mutantmonsters:creeper_minion":4,"minecraft:zombie":36,"orcz:squig":2,"minecraft:stray":15,"orcz:bigorcboss":2,"minecraft:silverfish":1,"orcz:orcsavagemace":3,"orcz:orcsavageweird":1,"mutantmonsters:mutant_creeper":2,"orcz:goblin_2sword":1,"orcz:orcsavage_2sword":3,"minecraft:wither_skeleton":3,"orcz:orcshield":3},"minecraft:broken":{"minecraft:iron_chestplate":1,"minecraft:iron_leggings":1}},"DataVersion":3465}