{"stats":{"minecraft:dropped":{"minecraft:bone":3},"minecraft:picked_up":{"biomesoplenty:fir_log":1,"minecraft:hay_block":38,"minecraft:white_bed":1,"minecraft:dirt":4},"minecraft:used":{"minecraft:apple":1,"alexsmobs:animal_dictionary":2},"minecraft:custom":{"minecraft:time_since_rest":9153,"minecraft:open_chest":6,"minecraft:crouch_one_cm":1,"minecraft:sprint_one_cm":36503,"minecraft:play_time":13670,"minecraft:damage_taken":60,"minecraft:walk_one_cm":23605,"minecraft:sneak_time":1,"minecraft:drop":1,"minecraft:jump":209,"minecraft:leave_game":3,"minecraft:time_since_death":13670,"minecraft:sleep_in_bed":1,"minecraft:total_world_time":13670,"minecraft:fly_one_cm":45944,"minecraft:fall_one_cm":7754},"minecraft:mined":{"minecraft:hay_block":38,"minecraft:grass_block":3,"minecraft:white_bed":1,"minecraft:dirt":1,"biomesoplenty:fir_log":1}},"DataVersion":3465}