{"stats":{"minecraft:used":{"minecraft:oak_planks":10,"minecraft:shield":17,"minecraft:diamond_axe":11,"minecraft:torch":154,"tombstone:grave_key":2,"minecraft:diamond_sword":399,"minecraft:potion":2,"tombstone:gift":5,"minecraft:cooked_beef":40,"minecraft:golden_pickaxe":74},"minecraft:custom":{"minecraft:interact_with_furnace":1,"minecraft:mob_kills":92,"minecraft:open_barrel":1,"minecraft:damage_dealt_resisted":241,"minecraft:leave_game":4,"minecraft:time_since_death":17335,"minecraft:climb_one_cm":4511,"minecraft:time_since_rest":17067,"minecraft:sprint_one_cm":358589,"minecraft:damage_taken":4088,"minecraft:walk_one_cm":178321,"minecraft:damage_blocked_by_shield":550,"minecraft:drop":7,"minecraft:damage_dealt":16259,"minecraft:swim_one_cm":1731,"minecraft:fly_one_cm":177250,"minecraft:open_chest":76,"minecraft:crouch_one_cm":1085,"minecraft:play_time":56662,"tombstone:undead_killed":63,"minecraft:deaths":2,"minecraft:sneak_time":777,"minecraft:walk_under_water_one_cm":631,"minecraft:jump":750,"minecraft:walk_on_water_one_cm":5061,"minecraft:total_world_time":56662,"minecraft:fall_one_cm":20364},"minecraft:crafted":{"minecraft:oak_planks":20},"minecraft:killed":{"minecraft:cave_spider":8,"minecraft:pig":3,"minecraft:spider":6,"minecraft:creeper":1,"minecraft:skeleton":15,"minecraft:zombie":30,"minecraft:stray":15,"orcz:bigorcboss":1,"minecraft:silverfish":1,"orcz:orcsavagemace":2,"orcz:orcsavage_2sword":2,"minecraft:wither_skeleton":3,"orcz:orcshield":2},"minecraft:dropped":{"minecraft:cooked_beef":6,"minecraft:coal":1},"minecraft:broken":{"minecraft:iron_chestplate":1,"minecraft:iron_leggings":1},"minecraft:picked_up":{"minecraft:iron_chestplate":1,"orcz:orcteeth":25,"minecraft:cooked_beef":6,"minecraft:chainmail_boots":1,"minecraft:golden_pickaxe":1,"minecraft:leather_leggings":2,"minecraft:golden_leggings":2,"paraglider:spirit_orb":68,"minecraft:stone_brick_stairs":1,"minecraft:oak_log":5,"minecraft:chainmail_chestplate":1,"minecraft:golden_boots":1,"minecraft:shield":1,"minecraft:string":16,"minecraft:orange_terracotta":1,"minecraft:iron_leggings":2,"minecraft:leather_boots":3,"minecraft:bone":33,"minecraft:stone_bricks":2,"minecraft:red_sandstone":1,"minecraft:candle":1,"minecraft:redstone_torch":2,"minecraft:mossy_stone_bricks":3,"minecraft:mossy_stone_brick_stairs":2,"minecraft:soul_sand":1,"minecraft:tipped_arrow":10,"orcz:orcskull":1,"minecraft:torch":16,"minecraft:gravel":1,"minecraft:porkchop":7,"minecraft:sand":3,"orcz:orchorn":1,"minecraft:nether_brick_stairs":2,"tombstone:grave_dust":7,"minecraft:diamond_block":1,"minecraft:spider_eye":5,"minecraft:leather_helmet":1,"minecraft:mossy_cobblestone":6,"minecraft:cut_red_sandstone":1,"minecraft:bundle":2,"minecraft:rotten_flesh":43,"minecraft:stone_shovel":2,"minecraft:arrow":21,"minecraft:lever":1,"tombstone:magic_scroll":2,"minecraft:netherrack":1,"minecraft:iron_bars":14,"minecraft:coal":1},"minecraft:mined":{"minecraft:mossy_cobblestone":6,"minecraft:orange_terracotta":1,"minecraft:chiseled_red_sandstone":1,"minecraft:torch":8,"minecraft:red_sand":1,"minecraft:wall_torch":6,"minecraft:spawner":33,"minecraft:red_sandstone":2,"minecraft:stone_brick_stairs":1,"minecraft:mossy_stone_brick_stairs":1,"minecraft:pointed_dripstone":1,"minecraft:oak_log":5,"minecraft:vine":2,"minecraft:iron_bars":14,"minecraft:cracked_stone_bricks":1,"minecraft:mossy_stone_bricks":5,"minecraft:redstone_lamp":1}},"DataVersion":3465}