{"stats":{"minecraft:killed":{"alexsmobs:grizzly_bear":2,"orcz:goblinsavagemace":2,"hunters_return:hunter":13,"minecraft:creeper":1,"untamedwilds:big_cat":1,"minecraft:skeleton":1,"alexsmobs:banana_slug":1,"orcz:bigorcboss":1,"orcz:squig":3,"orcz:orcsavage_2sword":1,"orcz:snot":2},"minecraft:crafted":{"biomesoplenty:fir_boat":1,"sophisticatedbackpacks:backpack":1,"minecraft:crafting_table":1,"minecraft:iron_sword":3,"sophisticatedbackpacks:gold_backpack":1,"minecraft:bread":116,"biomesoplenty:fir_planks":40,"minecraft:iron_boots":1,"minecraft:iron_chestplate":1,"minecraft:iron_axe":1,"minecraft:stick":8,"minecraft:iron_leggings":1,"minecraft:wheat":342,"sophisticatedbackpacks:iron_backpack":1},"minecraft:dropped":{"minecraft:gravel":2,"minecraft:iron_sword":1,"minecraft:sweet_berries":3,"alexsmobs:animal_dictionary":1,"minecraft:spore_blossom":1,"orcz:palisadedarkoak":2,"minecraft:wheat":2,"minecraft:rotten_flesh":4,"minecraft:lily_of_the_valley":1,"minecraft:filled_map":1,"mca:book_romance":1,"minecraft:ink_sac":5,"minecraft:mutton":6,"tombstone:grave_dust":1,"pfm:furniture_book":1,"minecraft:beef":2,"croptopia:calamari":3,"minecraft:dark_oak_planks":1,"minecraft:bone":3},"minecraft:picked_up":{"minecraft:coarse_dirt":1,"minecraft:crafting_table":6,"minecraft:cooked_beef":7,"minecraft:wheat":4,"minecraft:azure_bluet":3,"minecraft:lilac":1,"minecraft:chicken":17,"minecraft:ladder":4,"minecraft:brown_mushroom":1,"minecraft:red_mushroom":1,"biomesoplenty:fir_sapling":2,"biomesoplenty:fir_log":10,"minecraft:gold_block":1,"croptopia:calamari":3,"minecraft:stone_brick_stairs":1,"minecraft:map":1,"minecraft:heart_pottery_sherd":1,"minecraft:string":17,"minecraft:dirt":15,"minecraft:paper":2,"minecraft:moss_carpet":4,"minecraft:cooked_mutton":10,"minecraft:bone":2,"minecraft:apple":3,"minecraft:wheat_seeds":2,"biomesoplenty:fir_boat":3,"minecraft:spore_blossom":1,"minecraft:beef":5,"minecraft:white_tulip":1,"minecraft:cooked_chicken":6,"minecraft:moss_block":1,"minecraft:chest":2,"minecraft:dark_oak_stairs":1,"minecraft:book":2,"minecraft:stick":1,"minecraft:cooked_porkchop":8,"minecraft:sweet_berries":42,"minecraft:stone_brick_slab":1,"minecraft:torch":5,"minecraft:gravel":2,"minecraft:porkchop":13,"tombstone:grave_dust":1,"minecraft:ink_sac":5,"minecraft:white_bed":8,"orcz:palisadedarkoak":3,"minecraft:lily_of_the_valley":1,"minecraft:dark_oak_planks":2,"minecraft:arrow":44,"minecraft:rotten_flesh":4,"minecraft:diamond":6,"betterarcheology:growth_totem":1,"orcz:orcshroom":1,"minecraft:hay_block":38,"minecraft:pink_tulip":1,"minecraft:golden_apple":1,"minecraft:emerald":5,"minecraft:mutton":15},"minecraft:custom":{"minecraft:mob_kills":29,"tombstone:raider_killed":13,"minecraft:interact_with_crafting_table":20,"minecraft:open_barrel":39,"minecraft:leave_game":4,"minecraft:time_since_death":99758,"minecraft:sleep_in_bed":13,"minecraft:climb_one_cm":8558,"minecraft:time_since_rest":3388,"minecraft:sprint_one_cm":479846,"minecraft:damage_taken":2063,"minecraft:walk_one_cm":229140,"minecraft:drop":23,"minecraft:damage_dealt":2748,"minecraft:swim_one_cm":41297,"minecraft:fly_one_cm":470844,"minecraft:talked_to_villager":1,"minecraft:open_chest":75,"tombstone:undead_killed":1,"minecraft:crouch_one_cm":962,"minecraft:play_time":137103,"minecraft:sneak_time":588,"minecraft:deaths":2,"minecraft:walk_under_water_one_cm":27408,"minecraft:interact_with_lectern":1,"minecraft:jump":2308,"minecraft:walk_on_water_one_cm":24256,"minecraft:total_world_time":137103,"minecraft:fall_one_cm":56568},"minecraft:used":{"minecraft:cooked_mutton":3,"minecraft:moss_block":1,"minecraft:water_bucket":15,"minecraft:chest":1,"biomesoplenty:fir_boat":4,"minecraft:iron_sword":135,"biomesoplenty:fir_planks":28,"minecraft:cooked_chicken":2,"minecraft:torch":5,"minecraft:dirt":10,"minecraft:crafting_table":6,"orcz:palisadedarkoak":1,"minecraft:white_bed":7,"minecraft:stone_brick_slab":1,"minecraft:apple":2,"minecraft:bread":42,"minecraft:iron_axe":100,"minecraft:iron_pickaxe":9,"minecraft:map":1,"minecraft:stone_brick_stairs":1,"minecraft:fire_charge":1,"minecraft:bow":113,"tombstone:gift":2,"minecraft:bucket":16,"alexsmobs:animal_dictionary":4},"minecraft:mined":{"minecraft:dark_oak_planks":1,"minecraft:white_bed":8,"betterarcheology:growth_totem":1,"minecraft:stone_brick_slab":1,"minecraft:ladder":4,"minecraft:powder_snow":12,"orcz:palisadedarkoak":6,"minecraft:crafting_table":6,"minecraft:emerald_ore":1,"minecraft:grass_block":6,"minecraft:decorated_pot":2,"minecraft:chest":2,"minecraft:spruce_leaves":1,"minecraft:moss_block":1,"minecraft:wall_torch":2,"minecraft:air":24,"minecraft:hay_block":38,"untamedwilds:block_burrow":2,"minecraft:coarse_dirt":1,"minecraft:sweet_berry_bush":17,"minecraft:fire":1,"biomesoplenty:fir_log":10,"minecraft:stone_brick_stairs":1,"minecraft:gold_block":1,"minecraft:dark_oak_stairs":1,"minecraft:grass":14,"dynamictrees:oak_branch":49,"minecraft:cave_vines":1,"minecraft:dirt_path":2,"minecraft:gravel":1,"minecraft:dirt":7,"minecraft:cobweb":18,"minecraft:azalea_leaves":5,"minecraft:tripwire":2,"minecraft:fern":12}},"DataVersion":3465}