{"stats":{"minecraft:custom":{"minecraft:mob_kills":163,"minecraft:interact_with_crafting_table":1,"minecraft:open_barrel":8,"minecraft:damage_dealt_resisted":363,"minecraft:eat_cake_slice":1,"minecraft:leave_game":10,"minecraft:time_since_death":1143,"minecraft:climb_one_cm":21863,"minecraft:sprint_one_cm":836833,"minecraft:walk_one_cm":424591,"minecraft:damage_blocked_by_shield":2015,"minecraft:drop":9,"minecraft:play_time":141946,"minecraft:deaths":6,"minecraft:sneak_time":1448,"minecraft:walk_under_water_one_cm":7118,"minecraft:jump":2287,"minecraft:interact_with_blast_furnace":6,"minecraft:walk_on_water_one_cm":16971,"minecraft:total_world_time":141946,"minecraft:interact_with_furnace":13,"tombstone:raider_killed":5,"minecraft:sleep_in_bed":5,"minecraft:time_since_rest":904,"minecraft:damage_taken":7896,"minecraft:damage_absorbed":133,"minecraft:damage_dealt":31148,"minecraft:swim_one_cm":43143,"minecraft:fly_one_cm":501353,"minecraft:open_chest":110,"minecraft:crouch_one_cm":1419,"tombstone:undead_killed":109,"minecraft:fall_one_cm":58203},"minecraft:crafted":{"minecraft:oak_planks":20,"minecraft:furnace":1,"minecraft:cooked_mutton":1,"minecraft:cooked_porkchop":8,"minecraft:air":0},"minecraft:mined":{"minecraft:white_bed":4,"minecraft:mossy_cobblestone":6,"minecraft:chiseled_red_sandstone":1,"minecraft:red_sand":1,"alexsmobs:leafcutter_ant_chamber":1,"minecraft:sandstone":2,"minecraft:spawner":47,"dynamictrees:oak_leaves":5,"minecraft:furnace":1,"minecraft:red_sandstone":2,"minecraft:mossy_stone_brick_stairs":1,"dynamictrees:oak_branch":39,"minecraft:pointed_dripstone":1,"minecraft:vine":2,"minecraft:iron_bars":18,"minecraft:stone":14,"minecraft:orange_terracotta":1,"minecraft:crafting_table":1,"minecraft:smooth_sandstone":1,"minecraft:torch":8,"minecraft:oak_planks":2,"minecraft:wall_torch":9,"minecraft:air":76,"minecraft:stone_brick_stairs":1,"minecraft:smooth_stone_slab":1,"minecraft:grass":3,"minecraft:oak_log":5,"minecraft:coal_ore":25,"minecraft:gray_carpet":1,"minecraft:cracked_stone_bricks":1,"minecraft:mossy_stone_bricks":5,"minecraft:redstone_lamp":1},"minecraft:dropped":{"minecraft:cooked_beef":6,"minecraft:coal":1,"sophisticatedbackpacks:gold_backpack":1,"minecraft:diamond_sword":1},"minecraft:picked_up":{"sophisticatedbackpacks:gold_backpack":1,"minecraft:iron_chestplate":1,"minecraft:crafting_table":1,"minecraft:sandstone_slab":1,"minecraft:chainmail_boots":1,"minecraft:leather_leggings":2,"minecraft:golden_pickaxe":1,"minecraft:diamond_sword":1,"minecraft:potion":2,"minecraft:stone_brick_stairs":1,"minecraft:shield":1,"minecraft:string":23,"minecraft:smooth_stone_slab":1,"minecraft:wooden_sword":1,"minecraft:iron_leggings":2,"minecraft:candle":1,"minecraft:cobbled_deepslate":27,"minecraft:redstone_torch":2,"minecraft:furnace":1,"alexsmobs:leafcutter_ant_chamber":1,"minecraft:tipped_arrow":10,"minecraft:sandstone":2,"orcz:orcskull":1,"minecraft:torch":31,"minecraft:sandstone_wall":3,"minecraft:porkchop":8,"orcz:orchorn":2,"orcz:squigs_claws":2,"tombstone:grave_dust":11,"mutantmonsters:creeper_shard":1,"minecraft:rotten_flesh":61,"minecraft:stone_shovel":2,"minecraft:arrow":47,"alexsmobs:emu_egg":1,"minecraft:iron_bars":18,"minecraft:cobblestone":25,"minecraft:cooked_beef":6,"orcz:orcteeth":48,"farmersdelight:rice":2,"minecraft:golden_leggings":2,"paraglider:spirit_orb":96,"minecraft:chainmail_chestplate":1,"minecraft:oak_log":5,"minecraft:golden_boots":1,"minecraft:gunpowder":15,"minecraft:orange_terracotta":1,"minecraft:leather_boots":3,"minecraft:smooth_sandstone":1,"minecraft:bone":59,"minecraft:gray_carpet":1,"minecraft:stone_bricks":2,"farmersdelight:cooking_pot":1,"minecraft:red_sandstone":1,"minecraft:wheat_seeds":2,"minecraft:mossy_stone_bricks":3,"minecraft:soul_sand":1,"minecraft:mossy_stone_brick_stairs":2,"minecraft:oak_planks":2,"minecraft:gravel":2,"minecraft:sand":3,"minecraft:nether_brick_stairs":2,"minecraft:white_bed":4,"minecraft:leather_helmet":1,"minecraft:diamond_block":1,"minecraft:spider_eye":9,"minecraft:mossy_cobblestone":6,"minecraft:cut_red_sandstone":1,"minecraft:bundle":4,"minecraft:diamond":6,"minecraft:lever":1,"minecraft:painting":1,"tombstone:magic_scroll":4,"orcz:ironscrap":1,"minecraft:netherrack":1,"minecraft:coal":49},"minecraft:used":{"minecraft:shield":72,"minecraft:iron_sword":111,"minecraft:sandstone_wall":3,"minecraft:torch":254,"minecraft:smooth_sandstone":1,"minecraft:stone_bricks":1,"minecraft:bow":104,"minecraft:furnace":1,"tombstone:gift":7,"minecraft:cooked_beef":49,"minecraft:orange_terracotta":1,"minecraft:cooked_mutton":1,"minecraft:oak_planks":22,"minecraft:ender_pearl":3,"minecraft:sandstone":2,"minecraft:diamond_axe":134,"minecraft:golden_apple":4,"minecraft:crafting_table":1,"minecraft:mushroom_stew":1,"minecraft:white_bed":4,"minecraft:bread":13,"tombstone:grave_key":3,"minecraft:gravel":1,"minecraft:diamond_sword":533,"minecraft:cobblestone":4,"minecraft:potion":3,"minecraft:cooked_porkchop":8,"minecraft:sandstone_slab":1,"minecraft:golden_pickaxe":140},"minecraft:killed":{"minecraft:cave_spider":8,"minecraft:spider":10,"minecraft:skeleton":36,"minecraft:silverfish":1,"orcz:squig":2,"orcz:orcsavagemace":3,"orcz:orcsavageweird":1,"minecraft:husk":18,"minecraft:pig":4,"orcz:goblinsavagemace":1,"minecraft:creeper":1,"minecraft:pillager":5,"mutantmonsters:creeper_minion":4,"minecraft:zombie":37,"minecraft:stray":15,"orcz:bigorcboss":2,"mutantmonsters:mutant_creeper":2,"minecraft:wither_skeleton":3,"orcz:orcsavage_2sword":3,"orcz:goblin_2sword":1,"orcz:orcshield":3},"minecraft:broken":{"minecraft:iron_chestplate":1,"minecraft:iron_leggings":1,"minecraft:shield":1,"minecraft:bow":1}},"DataVersion":3465}