{"stats":{"minecraft:used":{"minecraft:oak_planks":10,"tombstone:grave_key":1,"minecraft:diamond_axe":11,"minecraft:diamond_sword":219,"minecraft:torch":60,"tombstone:gift":2,"minecraft:cooked_beef":24,"minecraft:golden_pickaxe":29},"minecraft:custom":{"minecraft:time_since_rest":1375,"minecraft:damage_taken":2277,"minecraft:sprint_one_cm":172849,"minecraft:walk_one_cm":87314,"minecraft:mob_kills":52,"minecraft:damage_dealt":9590,"minecraft:swim_one_cm":1731,"minecraft:fly_one_cm":118822,"minecraft:open_chest":32,"minecraft:deaths":1,"minecraft:crouch_one_cm":1085,"minecraft:play_time":28308,"tombstone:undead_killed":34,"minecraft:sneak_time":777,"minecraft:walk_under_water_one_cm":205,"minecraft:jump":472,"minecraft:damage_dealt_resisted":241,"minecraft:leave_game":3,"minecraft:time_since_death":1544,"minecraft:walk_on_water_one_cm":2545,"minecraft:total_world_time":28308,"minecraft:fall_one_cm":14578},"minecraft:crafted":{"minecraft:oak_planks":20},"minecraft:killed":{"minecraft:skeleton":11,"minecraft:zombie":18,"minecraft:pig":3,"orcz:bigorcboss":1,"minecraft:stray":5,"minecraft:silverfish":1,"minecraft:spider":5,"orcz:orcsavagemace":2,"orcz:orcsavage_2sword":2,"orcz:orcshield":2,"minecraft:creeper":1},"minecraft:broken":{"minecraft:iron_leggings":1},"minecraft:picked_up":{"minecraft:tipped_arrow":3,"orcz:orcskull":1,"orcz:orcteeth":25,"minecraft:golden_pickaxe":1,"minecraft:golden_leggings":1,"minecraft:torch":9,"minecraft:porkchop":7,"paraglider:spirit_orb":34,"minecraft:sand":3,"orcz:orchorn":1,"minecraft:oak_log":5,"tombstone:grave_dust":5,"minecraft:diamond_block":1,"minecraft:spider_eye":1,"minecraft:string":6,"minecraft:cut_red_sandstone":1,"minecraft:leather_boots":3,"minecraft:bone":12,"minecraft:arrow":7,"minecraft:stone_shovel":2,"minecraft:rotten_flesh":14,"minecraft:stone_bricks":1,"minecraft:red_sandstone":1,"tombstone:magic_scroll":1,"minecraft:iron_bars":6},"minecraft:mined":{"minecraft:red_sandstone":2,"minecraft:chiseled_red_sandstone":1,"minecraft:torch":3,"minecraft:red_sand":1,"minecraft:oak_log":5,"minecraft:iron_bars":6,"minecraft:wall_torch":6,"minecraft:spawner":16}},"DataVersion":3465}