{"stats":{"minecraft:killed":{"alexsmobs:grizzly_bear":2,"orcz:goblinsavagemace":2,"hunters_return:hunter":6,"minecraft:creeper":1,"alexsmobs:banana_slug":1,"orcz:bigorcboss":1,"orcz:squig":3,"orcz:orcsavage_2sword":1,"orcz:snot":2},"minecraft:crafted":{"sophisticatedbackpacks:backpack":1,"minecraft:crafting_table":1,"minecraft:iron_sword":1,"minecraft:bread":116,"biomesoplenty:fir_planks":8,"minecraft:iron_axe":1,"minecraft:stick":4,"minecraft:wheat":342},"minecraft:dropped":{"alexsmobs:animal_dictionary":1,"orcz:palisadedarkoak":2,"minecraft:wheat":2,"mca:book_romance":1,"minecraft:mutton":6,"tombstone:grave_dust":1,"pfm:furniture_book":1,"minecraft:beef":2,"minecraft:dark_oak_planks":1,"minecraft:bone":3},"minecraft:picked_up":{"minecraft:crafting_table":3,"minecraft:wheat":4,"minecraft:chicken":9,"biomesoplenty:fir_sapling":2,"biomesoplenty:fir_log":10,"minecraft:map":1,"minecraft:string":6,"minecraft:dirt":10,"minecraft:paper":2,"minecraft:cooked_mutton":6,"minecraft:apple":3,"minecraft:wheat_seeds":2,"minecraft:beef":2,"minecraft:cooked_chicken":4,"minecraft:chest":2,"minecraft:book":2,"minecraft:stick":1,"minecraft:torch":1,"minecraft:porkchop":4,"tombstone:grave_dust":1,"minecraft:white_bed":3,"orcz:palisadedarkoak":3,"minecraft:dark_oak_planks":2,"minecraft:arrow":23,"minecraft:diamond":6,"orcz:orcshroom":1,"minecraft:hay_block":38,"minecraft:golden_apple":1,"minecraft:emerald":2,"minecraft:mutton":12},"minecraft:custom":{"minecraft:mob_kills":19,"tombstone:raider_killed":6,"minecraft:interact_with_crafting_table":6,"minecraft:open_barrel":14,"minecraft:leave_game":3,"minecraft:time_since_death":24148,"minecraft:sleep_in_bed":6,"minecraft:climb_one_cm":3430,"minecraft:time_since_rest":5023,"minecraft:sprint_one_cm":253634,"minecraft:damage_taken":1560,"minecraft:walk_one_cm":111764,"minecraft:drop":10,"minecraft:damage_dealt":2569,"minecraft:swim_one_cm":30743,"minecraft:talked_to_villager":1,"minecraft:fly_one_cm":291655,"minecraft:open_chest":49,"minecraft:crouch_one_cm":9,"minecraft:play_time":61493,"minecraft:deaths":2,"minecraft:sneak_time":163,"minecraft:walk_under_water_one_cm":13863,"minecraft:jump":1389,"minecraft:walk_on_water_one_cm":10075,"minecraft:total_world_time":61493,"minecraft:fall_one_cm":36637},"minecraft:used":{"minecraft:water_bucket":12,"minecraft:iron_sword":86,"biomesoplenty:fir_planks":2,"minecraft:torch":2,"minecraft:dirt":10,"minecraft:crafting_table":3,"orcz:palisadedarkoak":1,"minecraft:white_bed":2,"minecraft:apple":1,"minecraft:iron_axe":94,"minecraft:bread":30,"minecraft:fire_charge":1,"minecraft:bow":50,"minecraft:bucket":13,"tombstone:gift":1,"alexsmobs:animal_dictionary":4},"minecraft:mined":{"minecraft:dark_oak_planks":1,"minecraft:white_bed":3,"minecraft:powder_snow":12,"orcz:palisadedarkoak":6,"minecraft:crafting_table":3,"minecraft:grass_block":6,"minecraft:chest":2,"minecraft:air":24,"minecraft:hay_block":38,"untamedwilds:block_burrow":2,"biomesoplenty:fir_log":10,"minecraft:grass":11,"dynamictrees:oak_branch":49,"minecraft:dirt_path":2,"minecraft:dirt":2,"minecraft:cobweb":6,"minecraft:fern":9}},"DataVersion":3465}