{"stats":{"minecraft:killed":{"orcz:goblinshield":8,"minecraft:spider":1,"minecraft:skeleton":6,"alexsmobs:banana_slug":1,"orcz:goblinsavagebomb":1,"orcz:squig":13,"artifacts:mimic":1,"minecraft:pig":10,"alexsmobs:grizzly_bear":2,"orcz:goblinsavagemace":14,"hunters_return:hunter":43,"minecraft:iron_golem":1,"minecraft:creeper":2,"minecraft:pillager":4,"minecraft:zombie":2,"orcz:bigorcboss":16,"alexsmobs:fly":1,"orcz:orcsavage_2sword":21,"orcz:snot":106,"orcz:orcshield":18,"minecraft:cow":5,"orcz:bannerman":1,"alexsmobs:underminer":1,"minecraft:drowned":7,"orcz:orcsavagemace":19,"untamedwilds:newt":2,"untamedwilds:big_cat":1,"alexsmobs:crocodile":1,"orcz:goblin_2sword":4},"minecraft:broken":{"minecraft:golden_shovel":1,"minecraft:iron_sword":2,"minecraft:iron_axe":1,"minecraft:iron_pickaxe":1,"minecraft:iron_helmet":2},"minecraft:crafted":{"minecraft:oak_planks":28,"minecraft:bow":2,"minecraft:iron_boots":1,"mca:matchmakers_ring":1,"sophisticatedbackpacks:backpack":2,"minecraft:diamond_axe":1,"minecraft:crafting_table":1,"minecraft:gold_block":7,"biomesoplenty:fir_planks":40,"minecraft:iron_chestplate":1,"minecraft:stick":12,"minecraft:gold_ingot":9,"minecraft:shears":1,"minecraft:oak_door":3,"minecraft:diamond_block":6,"minecraft:iron_axe":1,"minecraft:dark_oak_planks":100,"minecraft:wheat":342,"sophisticatedbackpacks:iron_backpack":2,"biomesoplenty:fir_boat":1,"minecraft:diamond_sword":1,"minecraft:iron_sword":4,"sophisticatedbackpacks:gold_backpack":2,"minecraft:bread":116,"minecraft:iron_leggings":1,"minecraft:torch":4,"mca:wedding_ring":1},"minecraft:dropped":{"minecraft:iron_sword":3,"minecraft:spore_blossom":1,"orcz:blue_orcshroom":2,"minecraft:mutton":6,"minecraft:sand":3,"minecraft:iron_pickaxe":1,"minecraft:dark_oak_planks":1,"croptopia:calamari":3,"minecraft:bone":3,"minecraft:gravel":2,"alexsmobs:animal_dictionary":1,"minecraft:wheat":2,"minecraft:rotten_flesh":4,"orcz:orcshroom":5,"minecraft:beef":2,"minecraft:netherrack":1,"minecraft:bread":3,"minecraft:lilac":1,"orcz:palisadedarkoak":3,"mca:book_romance":1,"minecraft:ink_sac":5,"tombstone:grave_dust":1,"minecraft:sweet_berries":3,"orcz:orcamanita":1,"minecraft:lily_of_the_valley":1,"minecraft:filled_map":1,"minecraft:diamond_sword":1,"orcz:orcteeth":6,"pfm:furniture_book":1},"minecraft:picked_up":{"minecraft:iron_chestplate":1,"minecraft:wheat":4,"minecraft:iron_trapdoor":1,"minecraft:diamond_sword":1,"minecraft:enchanted_book":1,"croptopia:calamari":4,"minecraft:stone_brick_stairs":1,"paraglider:goddess_statue":1,"minecraft:string":42,"minecraft:iron_leggings":1,"minecraft:experience_bottle":2,"minecraft:oak_sign":1,"minecraft:tnt_minecart":2,"minecraft:cobbled_deepslate":1,"minecraft:white_tulip":1,"minecraft:redstone_torch":2,"dynamictrees:oak_seed":1,"minecraft:iron_pickaxe":1,"minecraft:iron_boots":1,"minecraft:stick":3,"orcz:orcskull":5,"untamedwilds:flora_common_reed":1,"minecraft:torch":42,"minecraft:porkchop":52,"orcz:squigs_claws":8,"tombstone:grave_dust":3,"orcz:palisadedarkoak":25,"minecraft:rotten_flesh":7,"minecraft:mangrove_stairs":2,"artifacts:villager_hat":1,"orcz:orcshroom":29,"minecraft:cobblestone":35,"minecraft:sponge":2,"minecraft:cooked_beef":19,"minecraft:lilac":2,"orcz:orcteeth":335,"minecraft:andesite":7,"biomesoplenty:fir_sapling":2,"biomesoplenty:fir_log":10,"paraglider:spirit_orb":10,"minecraft:map":1,"minecraft:mangrove_slab":1,"minecraft:dirt":47,"minecraft:bone":12,"minecraft:acacia_planks":9,"minecraft:bow":2,"minecraft:wheat_seeds":9,"biomesoplenty:fir_boat":13,"untamedwilds:material_shark_tooth":1,"minecraft:mangrove_fence_gate":1,"orcz:big_bone_1":3,"minecraft:moss_block":1,"minecraft:prismarine":6,"minecraft:oak_planks":7,"minecraft:cooked_porkchop":15,"croptopia:mustard":1,"orcz:orcagaric":23,"minecraft:sand":9,"orcz:blue_orcshroom":26,"minecraft:ink_sac":7,"minecraft:acacia_stairs":1,"minecraft:grass_block":2,"minecraft:lily_of_the_valley":1,"minecraft:diamond_block":2,"minecraft:dark_oak_log":26,"minecraft:dark_prismarine_slab":3,"minecraft:diamond":59,"minecraft:golden_apple":2,"minecraft:bread":2,"minecraft:emerald":29,"alexsmobs:maggot":2,"orcz:ironscrap":11,"minecraft:light_gray_carpet":3,"minecraft:netherrack":1,"minecraft:dark_oak_fence":19,"sophisticatedbackpacks:gold_backpack":1,"minecraft:crafting_table":15,"minecraft:coarse_dirt":1,"minecraft:allium":3,"minecraft:azure_bluet":3,"minecraft:chicken":28,"minecraft:ladder":4,"minecraft:brown_mushroom":1,"minecraft:gold_block":13,"minecraft:moss_carpet":4,"untamedwilds:food_bear_raw":4,"minecraft:snow":16,"minecraft:white_carpet":9,"minecraft:item_frame":2,"alexsmobs:serrated_shark_tooth":1,"minecraft:dark_prismarine_stairs":2,"minecraft:beef":45,"minecraft:chest":3,"minecraft:raw_iron":14,"orcz:orchorn":12,"untamedwilds:hide_black":2,"minecraft:mangrove_trapdoor":1,"alexsmobs:crocodile_scute":2,"minecraft:dark_oak_planks":9,"minecraft:arrow":172,"minecraft:hay_block":186,"minecraft:pink_tulip":1,"minecraft:gold_ingot":1,"minecraft:glow_berries":7,"minecraft:mutton":27,"minecraft:wet_sponge":5,"minecraft:leather":3,"minecraft:red_mushroom":1,"alexsmobs:cachalot_whale_tooth":1,"minecraft:oak_log":7,"minecraft:heart_pottery_sherd":1,"minecraft:paper":2,"minecraft:cooked_mutton":25,"minecraft:apple":10,"minecraft:stone_bricks":1,"minecraft:kelp":5,"minecraft:spore_blossom":1,"minecraft:iron_ingot":4,"minecraft:cooked_chicken":21,"minecraft:cobweb":8,"minecraft:mangrove_planks":13,"minecraft:iron_sword":3,"minecraft:dark_oak_stairs":1,"minecraft:book":3,"minecraft:oak_slab":2,"orcz:bone_1":1,"minecraft:sweet_berries":42,"minecraft:stone_brick_slab":2,"minecraft:dandelion":1,"minecraft:gravel":10,"orcz:bone_1deco":1,"orcz:orcamanita":1,"minecraft:white_bed":43,"minecraft:pumpkin_seeds":2,"biomesoplenty:maple_sapling":1,"betterarcheology:growth_totem":1,"orcz:orceye":1,"minecraft:coal":42},"minecraft:custom":{"minecraft:interact_with_crafting_table":41,"minecraft:open_barrel":135,"minecraft:leave_game":12,"minecraft:time_since_death":25759,"minecraft:sprint_one_cm":2280664,"minecraft:drop":38,"minecraft:talked_to_villager":1,"minecraft:play_time":598005,"minecraft:deaths":9,"minecraft:jump":11299,"minecraft:walk_on_water_one_cm":89740,"minecraft:interact_with_furnace":3,"minecraft:sleep_in_bed":55,"minecraft:damage_dealt":32934,"minecraft:crouch_one_cm":3866,"tombstone:undead_killed":15,"minecraft:mob_kills":315,"minecraft:damage_dealt_resisted":9867,"minecraft:climb_one_cm":50033,"minecraft:walk_one_cm":1015936,"minecraft:sneak_time":6750,"minecraft:walk_under_water_one_cm":92155,"minecraft:boat_one_cm":40,"minecraft:interact_with_lectern":1,"minecraft:interact_with_blast_furnace":1,"minecraft:total_world_time":598005,"tombstone:raider_killed":47,"minecraft:time_since_rest":2328,"minecraft:damage_taken":12299,"minecraft:damage_absorbed":120,"minecraft:swim_one_cm":176423,"minecraft:fly_one_cm":2555979,"minecraft:open_chest":257,"minecraft:fall_one_cm":300396},"minecraft:used":{"minecraft:moss_block":1,"orcz:blue_orcshroom":2,"minecraft:chest":1,"minecraft:iron_sword":748,"minecraft:stone_brick_stairs":1,"minecraft:stone_bricks":1,"minecraft:bow":665,"minecraft:prismarine":6,"minecraft:mangrove_planks":13,"minecraft:oak_planks":28,"biomesoplenty:fir_planks":28,"biomesoplenty:fir_boat":14,"minecraft:diamond_axe":32,"minecraft:cookie":1,"minecraft:golden_apple":3,"minecraft:sand":4,"minecraft:shears":8,"minecraft:bread":116,"tombstone:grave_key":5,"minecraft:gravel":8,"minecraft:diamond_sword":314,"minecraft:fire_charge":1,"minecraft:andesite":7,"minecraft:coarse_dirt":1,"minecraft:cooked_chicken":2,"minecraft:oak_door":3,"minecraft:torch":186,"minecraft:dirt":19,"orcz:palisadedarkoak":6,"minecraft:golden_shovel":32,"minecraft:stone_brick_slab":1,"minecraft:dark_oak_planks":105,"minecraft:iron_axe":261,"minecraft:golden_carrot":2,"tombstone:gift":6,"minecraft:cooked_beef":78,"minecraft:acacia_planks":9,"minecraft:cooked_mutton":4,"minecraft:water_bucket":26,"minecraft:snow_block":1,"minecraft:crafting_table":15,"minecraft:white_bed":42,"minecraft:apple":2,"minecraft:iron_pickaxe":385,"minecraft:map":1,"minecraft:cobblestone":28,"minecraft:cooked_porkchop":2,"minecraft:bucket":27,"alexsmobs:animal_dictionary":4,"minecraft:dandelion":1},"minecraft:mined":{"minecraft:dark_oak_planks":9,"minecraft:dark_prismarine_stairs":2,"minecraft:white_bed":43,"orcz:palisadedarkoak":30,"minecraft:grass_block":21,"minecraft:spawner":7,"minecraft:iron_ore":14,"minecraft:fire":1,"minecraft:dark_oak_stairs":1,"minecraft:cave_vines":1,"minecraft:dirt_path":7,"minecraft:azalea_leaves":5,"minecraft:tripwire":2,"minecraft:kelp_plant":1,"minecraft:powder_snow":384,"minecraft:torch":22,"minecraft:chest":3,"minecraft:mangrove_fence_gate":1,"minecraft:cobblestone":33,"minecraft:prismarine":6,"minecraft:oak_planks":8,"minecraft:wall_torch":12,"biomesoplenty:fir_log":10,"minecraft:stone_brick_stairs":1,"minecraft:grass":51,"minecraft:oak_log":7,"minecraft:dirt":21,"minecraft:netherrack":1,"minecraft:oak_leaves":2,"minecraft:deepslate":1,"minecraft:dark_oak_log":27,"minecraft:ladder":4,"minecraft:dark_oak_fence":24,"biomesoplenty:bush":5,"minecraft:decorated_pot":2,"minecraft:mangrove_trapdoor":1,"minecraft:spruce_leaves":1,"biomesoplenty:dead_grass":1,"minecraft:moss_block":1,"biomesoplenty:tundra_shrub":6,"minecraft:large_fern":2,"minecraft:hay_block":187,"farmersdelight:wild_onions":1,"minecraft:snow":23,"minecraft:acacia_stairs":1,"minecraft:andesite":7,"dynamictrees:spruce_leaves":4,"minecraft:gold_block":10,"dynamictrees:oak_branch":49,"minecraft:packed_ice":1,"minecraft:wet_sponge":5,"biomesoplenty:barley":11,"minecraft:stone":10,"minecraft:oak_slab":1,"minecraft:light_gray_carpet":3,"minecraft:mangrove_stairs":2,"betterarcheology:growth_totem":1,"minecraft:stone_brick_slab":2,"minecraft:dandelion":1,"minecraft:crafting_table":15,"minecraft:emerald_ore":6,"minecraft:sponge":2,"biomesoplenty:sprout":1,"biomesoplenty:huge_clover_petal":1,"minecraft:air":24,"untamedwilds:block_burrow":2,"minecraft:coarse_dirt":1,"minecraft:sweet_berry_bush":17,"minecraft:ice":151,"minecraft:white_carpet":9,"minecraft:mangrove_planks":14,"minecraft:dark_prismarine_slab":3,"minecraft:mangrove_slab":1,"minecraft:coal_ore":31,"minecraft:gravel":9,"minecraft:cobweb":50,"minecraft:acacia_planks":9,"minecraft:stone_bricks":1,"minecraft:iron_trapdoor":1,"minecraft:fern":20,"paraglider:goddess_statue":1}},"DataVersion":3465}