{"stats":{"minecraft:used":{"minecraft:oak_planks":10,"minecraft:shield":7,"minecraft:diamond_axe":11,"minecraft:torch":102,"tombstone:grave_key":2,"minecraft:diamond_sword":315,"minecraft:potion":2,"tombstone:gift":3,"minecraft:cooked_beef":33,"minecraft:golden_pickaxe":49},"minecraft:custom":{"minecraft:mob_kills":71,"minecraft:damage_dealt_resisted":241,"minecraft:leave_game":3,"minecraft:time_since_death":981,"minecraft:climb_one_cm":3168,"minecraft:time_since_rest":713,"minecraft:sprint_one_cm":236423,"minecraft:damage_taken":3608,"minecraft:walk_one_cm":129684,"minecraft:damage_blocked_by_shield":255,"minecraft:drop":7,"minecraft:damage_dealt":12740,"minecraft:swim_one_cm":1731,"minecraft:fly_one_cm":124673,"minecraft:open_chest":52,"minecraft:crouch_one_cm":1085,"minecraft:play_time":40308,"tombstone:undead_killed":46,"minecraft:deaths":2,"minecraft:sneak_time":777,"minecraft:walk_under_water_one_cm":205,"minecraft:jump":507,"minecraft:walk_on_water_one_cm":2672,"minecraft:total_world_time":40308,"minecraft:fall_one_cm":14578},"minecraft:crafted":{"minecraft:oak_planks":20},"minecraft:killed":{"minecraft:cave_spider":5,"minecraft:pig":3,"minecraft:spider":6,"minecraft:creeper":1,"minecraft:skeleton":13,"minecraft:zombie":21,"minecraft:stray":9,"orcz:bigorcboss":1,"minecraft:silverfish":1,"orcz:orcsavagemace":2,"orcz:orcsavage_2sword":2,"minecraft:wither_skeleton":3,"orcz:orcshield":2},"minecraft:dropped":{"minecraft:cooked_beef":6,"minecraft:coal":1},"minecraft:broken":{"minecraft:iron_chestplate":1,"minecraft:iron_leggings":1},"minecraft:picked_up":{"orcz:orcteeth":25,"minecraft:cooked_beef":6,"minecraft:chainmail_boots":1,"minecraft:golden_pickaxe":1,"minecraft:leather_leggings":1,"minecraft:golden_leggings":1,"paraglider:spirit_orb":54,"minecraft:oak_log":5,"minecraft:string":13,"minecraft:iron_leggings":1,"minecraft:leather_boots":3,"minecraft:bone":25,"minecraft:stone_bricks":1,"minecraft:red_sandstone":1,"minecraft:mossy_stone_bricks":1,"minecraft:soul_sand":1,"minecraft:tipped_arrow":6,"orcz:orcskull":1,"minecraft:torch":14,"minecraft:porkchop":7,"minecraft:sand":3,"orcz:orchorn":1,"minecraft:nether_brick_stairs":2,"tombstone:grave_dust":7,"minecraft:diamond_block":1,"minecraft:spider_eye":4,"minecraft:leather_helmet":1,"minecraft:mossy_cobblestone":1,"minecraft:cut_red_sandstone":1,"minecraft:bundle":1,"minecraft:rotten_flesh":19,"minecraft:stone_shovel":2,"minecraft:arrow":15,"tombstone:magic_scroll":2,"minecraft:netherrack":1,"minecraft:iron_bars":10,"minecraft:coal":1},"minecraft:mined":{"minecraft:mossy_cobblestone":1,"minecraft:chiseled_red_sandstone":1,"minecraft:torch":8,"minecraft:red_sand":1,"minecraft:wall_torch":6,"minecraft:spawner":26,"minecraft:red_sandstone":2,"minecraft:oak_log":5,"minecraft:vine":2,"minecraft:iron_bars":10,"minecraft:mossy_stone_bricks":3}},"DataVersion":3465}