{"stats":{"minecraft:killed":{"alexsmobs:grizzly_bear":2,"orcz:goblinsavagemace":2,"hunters_return:hunter":7,"minecraft:creeper":1,"alexsmobs:banana_slug":1,"orcz:bigorcboss":1,"orcz:squig":3,"orcz:orcsavage_2sword":1,"orcz:snot":2},"minecraft:crafted":{"biomesoplenty:fir_boat":1,"sophisticatedbackpacks:backpack":1,"minecraft:crafting_table":1,"minecraft:iron_sword":1,"sophisticatedbackpacks:gold_backpack":1,"minecraft:bread":116,"biomesoplenty:fir_planks":40,"minecraft:iron_axe":1,"minecraft:stick":4,"minecraft:wheat":342,"sophisticatedbackpacks:iron_backpack":1},"minecraft:dropped":{"minecraft:gravel":2,"minecraft:iron_sword":1,"minecraft:sweet_berries":3,"alexsmobs:animal_dictionary":1,"minecraft:spore_blossom":1,"orcz:palisadedarkoak":2,"minecraft:wheat":2,"minecraft:rotten_flesh":4,"minecraft:lily_of_the_valley":1,"minecraft:filled_map":1,"mca:book_romance":1,"minecraft:ink_sac":5,"minecraft:mutton":6,"tombstone:grave_dust":1,"pfm:furniture_book":1,"minecraft:beef":2,"croptopia:calamari":3,"minecraft:dark_oak_planks":1,"minecraft:bone":3},"minecraft:picked_up":{"minecraft:crafting_table":5,"minecraft:wheat":4,"minecraft:azure_bluet":3,"minecraft:chicken":9,"minecraft:brown_mushroom":1,"minecraft:red_mushroom":1,"biomesoplenty:fir_sapling":2,"biomesoplenty:fir_log":10,"croptopia:calamari":3,"minecraft:stone_brick_stairs":1,"minecraft:moss_carpet":4,"minecraft:map":1,"minecraft:heart_pottery_sherd":1,"minecraft:dirt":10,"minecraft:string":13,"minecraft:paper":2,"minecraft:cooked_mutton":6,"minecraft:apple":3,"biomesoplenty:fir_boat":1,"minecraft:wheat_seeds":2,"minecraft:spore_blossom":1,"minecraft:beef":2,"minecraft:white_tulip":1,"minecraft:cooked_chicken":4,"minecraft:moss_block":1,"minecraft:chest":2,"minecraft:book":2,"minecraft:stick":1,"minecraft:sweet_berries":3,"minecraft:stone_brick_slab":1,"minecraft:torch":5,"minecraft:gravel":2,"minecraft:porkchop":7,"tombstone:grave_dust":1,"minecraft:ink_sac":5,"minecraft:white_bed":4,"minecraft:lily_of_the_valley":1,"orcz:palisadedarkoak":3,"minecraft:dark_oak_planks":2,"minecraft:arrow":27,"minecraft:rotten_flesh":4,"minecraft:diamond":6,"betterarcheology:growth_totem":1,"minecraft:hay_block":38,"orcz:orcshroom":1,"minecraft:pink_tulip":1,"minecraft:golden_apple":1,"minecraft:emerald":3,"minecraft:mutton":13},"minecraft:custom":{"minecraft:mob_kills":20,"tombstone:raider_killed":7,"minecraft:interact_with_crafting_table":16,"minecraft:open_barrel":25,"minecraft:leave_game":4,"minecraft:time_since_death":46074,"minecraft:sleep_in_bed":9,"minecraft:climb_one_cm":4050,"minecraft:time_since_rest":425,"minecraft:sprint_one_cm":303270,"minecraft:damage_taken":1738,"minecraft:walk_one_cm":153410,"minecraft:drop":23,"minecraft:damage_dealt":2569,"minecraft:swim_one_cm":39432,"minecraft:fly_one_cm":323302,"minecraft:talked_to_villager":1,"minecraft:open_chest":64,"minecraft:crouch_one_cm":962,"minecraft:play_time":83419,"minecraft:sneak_time":569,"minecraft:deaths":2,"minecraft:walk_under_water_one_cm":24268,"minecraft:interact_with_lectern":1,"minecraft:jump":1614,"minecraft:walk_on_water_one_cm":21013,"minecraft:total_world_time":83419,"minecraft:fall_one_cm":42184},"minecraft:used":{"minecraft:moss_block":1,"minecraft:water_bucket":15,"minecraft:chest":1,"biomesoplenty:fir_planks":27,"minecraft:iron_sword":101,"biomesoplenty:fir_boat":1,"minecraft:torch":5,"minecraft:dirt":10,"minecraft:crafting_table":5,"orcz:palisadedarkoak":1,"minecraft:white_bed":3,"minecraft:stone_brick_slab":1,"minecraft:apple":1,"minecraft:bread":36,"minecraft:iron_axe":96,"minecraft:iron_pickaxe":8,"minecraft:map":1,"minecraft:stone_brick_stairs":1,"minecraft:fire_charge":1,"minecraft:bow":60,"tombstone:gift":1,"minecraft:bucket":16,"alexsmobs:animal_dictionary":4},"minecraft:mined":{"minecraft:dark_oak_planks":1,"minecraft:white_bed":4,"betterarcheology:growth_totem":1,"minecraft:stone_brick_slab":1,"minecraft:powder_snow":12,"orcz:palisadedarkoak":6,"minecraft:crafting_table":5,"minecraft:emerald_ore":1,"minecraft:grass_block":6,"minecraft:decorated_pot":2,"minecraft:chest":2,"minecraft:spruce_leaves":1,"minecraft:moss_block":1,"minecraft:wall_torch":2,"minecraft:air":24,"minecraft:hay_block":38,"untamedwilds:block_burrow":2,"minecraft:fire":1,"biomesoplenty:fir_log":10,"minecraft:stone_brick_stairs":1,"minecraft:grass":13,"dynamictrees:oak_branch":49,"minecraft:cave_vines":1,"minecraft:dirt_path":2,"minecraft:gravel":1,"minecraft:dirt":2,"minecraft:cobweb":11,"minecraft:azalea_leaves":5,"minecraft:tripwire":2,"minecraft:fern":9}},"DataVersion":3465}