{"stats":{"minecraft:custom":{"minecraft:time_since_rest":24253,"minecraft:walk_one_cm":77590,"minecraft:sprint_one_cm":151826,"minecraft:damage_taken":1707,"minecraft:mob_kills":46,"minecraft:damage_dealt":8617,"minecraft:swim_one_cm":859,"minecraft:fly_one_cm":110476,"minecraft:open_chest":27,"minecraft:crouch_one_cm":1085,"minecraft:play_time":24253,"tombstone:undead_killed":31,"minecraft:sneak_time":777,"minecraft:walk_under_water_one_cm":96,"minecraft:jump":430,"minecraft:damage_dealt_resisted":241,"minecraft:leave_game":3,"minecraft:walk_on_water_one_cm":123,"minecraft:time_since_death":24253,"minecraft:total_world_time":24253,"minecraft:fall_one_cm":13720},"minecraft:picked_up":{"minecraft:tipped_arrow":3,"orcz:orcteeth":25,"orcz:orcskull":1,"minecraft:golden_leggings":1,"minecraft:torch":8,"paraglider:spirit_orb":32,"minecraft:porkchop":7,"minecraft:sand":3,"minecraft:oak_log":5,"orcz:orchorn":1,"tombstone:grave_dust":4,"minecraft:diamond_block":1,"minecraft:spider_eye":1,"minecraft:string":6,"minecraft:cut_red_sandstone":1,"minecraft:arrow":7,"minecraft:leather_boots":3,"minecraft:stone_shovel":2,"minecraft:bone":12,"minecraft:rotten_flesh":11,"minecraft:red_sandstone":1,"tombstone:magic_scroll":1,"minecraft:iron_bars":6},"minecraft:used":{"minecraft:oak_planks":10,"minecraft:diamond_axe":11,"minecraft:torch":48,"minecraft:diamond_sword":196,"tombstone:gift":2,"minecraft:cooked_beef":21,"minecraft:golden_pickaxe":28},"minecraft:mined":{"minecraft:red_sandstone":2,"minecraft:chiseled_red_sandstone":1,"minecraft:torch":3,"minecraft:red_sand":1,"minecraft:oak_log":5,"minecraft:iron_bars":6,"minecraft:wall_torch":5,"minecraft:spawner":15},"minecraft:killed":{"minecraft:skeleton":11,"minecraft:zombie":15,"minecraft:pig":3,"minecraft:stray":5,"orcz:bigorcboss":1,"minecraft:spider":4,"orcz:orcsavagemace":2,"orcz:orcsavage_2sword":2,"orcz:orcshield":2,"minecraft:creeper":1},"minecraft:broken":{"minecraft:iron_leggings":1},"minecraft:crafted":{"minecraft:oak_planks":20}},"DataVersion":3465}