{"stats":{"minecraft:killed":{"minecraft:skeleton":1,"alexsmobs:banana_slug":1,"orcz:squig":3,"alexsmobs:grizzly_bear":2,"orcz:goblinsavagemace":2,"hunters_return:hunter":23,"minecraft:creeper":1,"untamedwilds:big_cat":1,"orcz:bigorcboss":1,"orcz:orcsavage_2sword":1,"orcz:snot":2},"minecraft:crafted":{"minecraft:iron_boots":1,"minecraft:iron_axe":1,"sophisticatedbackpacks:iron_backpack":2,"minecraft:wheat":342,"biomesoplenty:fir_boat":1,"sophisticatedbackpacks:backpack":2,"minecraft:crafting_table":1,"minecraft:iron_sword":3,"sophisticatedbackpacks:gold_backpack":2,"minecraft:bread":116,"biomesoplenty:fir_planks":40,"minecraft:iron_chestplate":1,"minecraft:stick":8,"minecraft:gold_ingot":9,"minecraft:iron_leggings":1},"minecraft:dropped":{"minecraft:iron_sword":1,"minecraft:spore_blossom":1,"orcz:palisadedarkoak":2,"mca:book_romance":1,"minecraft:ink_sac":5,"minecraft:mutton":6,"tombstone:grave_dust":1,"croptopia:calamari":3,"minecraft:dark_oak_planks":1,"minecraft:bone":3,"minecraft:gravel":2,"minecraft:sweet_berries":3,"alexsmobs:animal_dictionary":1,"minecraft:wheat":2,"minecraft:rotten_flesh":4,"minecraft:lily_of_the_valley":1,"minecraft:filled_map":1,"pfm:furniture_book":1,"minecraft:beef":2},"minecraft:picked_up":{"minecraft:coarse_dirt":1,"minecraft:crafting_table":7,"minecraft:wheat":4,"minecraft:azure_bluet":3,"minecraft:chicken":21,"minecraft:ladder":4,"minecraft:brown_mushroom":1,"minecraft:gold_block":1,"croptopia:calamari":4,"minecraft:stone_brick_stairs":1,"minecraft:string":25,"minecraft:moss_carpet":4,"minecraft:beef":12,"minecraft:white_tulip":1,"minecraft:chest":3,"minecraft:stick":1,"minecraft:torch":5,"minecraft:porkchop":21,"tombstone:grave_dust":1,"orcz:palisadedarkoak":3,"minecraft:dark_oak_planks":2,"minecraft:rotten_flesh":4,"minecraft:arrow":71,"orcz:orcshroom":1,"minecraft:hay_block":38,"minecraft:pink_tulip":1,"minecraft:mutton":17,"minecraft:lilac":1,"minecraft:cooked_beef":7,"minecraft:red_mushroom":1,"biomesoplenty:fir_sapling":2,"biomesoplenty:fir_log":10,"alexsmobs:cachalot_whale_tooth":1,"minecraft:heart_pottery_sherd":1,"minecraft:map":1,"minecraft:dirt":15,"minecraft:paper":2,"minecraft:cooked_mutton":24,"minecraft:bone":2,"minecraft:apple":5,"biomesoplenty:fir_boat":3,"minecraft:wheat_seeds":2,"minecraft:spore_blossom":1,"minecraft:cooked_chicken":9,"minecraft:moss_block":1,"minecraft:dark_oak_stairs":1,"minecraft:book":2,"minecraft:cooked_porkchop":11,"minecraft:sweet_berries":42,"minecraft:stone_brick_slab":1,"minecraft:gravel":2,"minecraft:ink_sac":7,"minecraft:white_bed":9,"minecraft:lily_of_the_valley":1,"minecraft:diamond":6,"betterarcheology:growth_totem":1,"minecraft:golden_apple":1,"minecraft:emerald":7},"minecraft:custom":{"minecraft:mob_kills":39,"minecraft:interact_with_crafting_table":23,"minecraft:open_barrel":56,"minecraft:leave_game":4,"minecraft:time_since_death":117634,"minecraft:climb_one_cm":11883,"minecraft:sprint_one_cm":503698,"minecraft:walk_one_cm":256711,"minecraft:drop":23,"minecraft:talked_to_villager":1,"minecraft:play_time":154979,"minecraft:deaths":2,"minecraft:sneak_time":588,"minecraft:walk_under_water_one_cm":27611,"minecraft:interact_with_lectern":1,"minecraft:jump":2376,"minecraft:walk_on_water_one_cm":24787,"minecraft:total_world_time":154979,"minecraft:interact_with_furnace":1,"tombstone:raider_killed":23,"minecraft:sleep_in_bed":14,"minecraft:time_since_rest":8617,"minecraft:damage_taken":2228,"minecraft:damage_dealt":3532,"minecraft:swim_one_cm":41297,"minecraft:fly_one_cm":481666,"minecraft:open_chest":86,"minecraft:crouch_one_cm":962,"tombstone:undead_killed":1,"minecraft:fall_one_cm":57739},"minecraft:used":{"minecraft:moss_block":1,"minecraft:chest":1,"minecraft:iron_sword":156,"minecraft:cooked_chicken":2,"minecraft:torch":5,"minecraft:dirt":10,"orcz:palisadedarkoak":1,"minecraft:stone_brick_slab":1,"minecraft:iron_axe":102,"minecraft:stone_brick_stairs":1,"minecraft:bow":157,"tombstone:gift":2,"minecraft:cooked_mutton":3,"minecraft:water_bucket":15,"biomesoplenty:fir_planks":28,"biomesoplenty:fir_boat":4,"minecraft:crafting_table":7,"minecraft:white_bed":8,"minecraft:apple":2,"minecraft:bread":46,"minecraft:iron_pickaxe":9,"minecraft:map":1,"minecraft:fire_charge":1,"minecraft:bucket":16,"alexsmobs:animal_dictionary":4},"minecraft:mined":{"minecraft:dark_oak_planks":1,"minecraft:white_bed":9,"orcz:palisadedarkoak":6,"minecraft:ladder":4,"minecraft:grass_block":6,"minecraft:decorated_pot":2,"minecraft:spruce_leaves":1,"minecraft:moss_block":1,"minecraft:hay_block":38,"minecraft:fire":1,"minecraft:gold_block":1,"minecraft:dark_oak_stairs":1,"dynamictrees:oak_branch":49,"minecraft:cave_vines":1,"minecraft:dirt_path":2,"minecraft:azalea_leaves":5,"minecraft:tripwire":2,"betterarcheology:growth_totem":1,"minecraft:stone_brick_slab":1,"minecraft:powder_snow":12,"minecraft:crafting_table":7,"minecraft:emerald_ore":1,"minecraft:chest":3,"minecraft:wall_torch":2,"minecraft:air":24,"untamedwilds:block_burrow":2,"minecraft:coarse_dirt":1,"minecraft:sweet_berry_bush":17,"biomesoplenty:fir_log":10,"minecraft:stone_brick_stairs":1,"minecraft:grass":14,"minecraft:gravel":1,"minecraft:dirt":7,"minecraft:cobweb":26,"minecraft:fern":12}},"DataVersion":3465}