{"stats":{"minecraft:used":{"minecraft:oak_planks":12,"minecraft:shield":23,"minecraft:sandstone":2,"minecraft:diamond_axe":13,"minecraft:sandstone_wall":3,"minecraft:torch":239,"minecraft:smooth_sandstone":1,"tombstone:grave_key":2,"minecraft:gravel":1,"minecraft:bow":67,"minecraft:stone_bricks":1,"minecraft:diamond_sword":420,"minecraft:potion":2,"minecraft:sandstone_slab":1,"tombstone:gift":5,"minecraft:cooked_beef":44,"minecraft:orange_terracotta":1,"minecraft:golden_pickaxe":78},"minecraft:dropped":{"minecraft:cooked_beef":6,"minecraft:coal":1},"minecraft:picked_up":{"minecraft:iron_chestplate":1,"minecraft:sandstone_slab":1,"orcz:orcteeth":25,"minecraft:cooked_beef":6,"minecraft:chainmail_boots":1,"farmersdelight:rice":2,"minecraft:leather_leggings":2,"minecraft:golden_pickaxe":1,"minecraft:golden_leggings":2,"paraglider:spirit_orb":68,"minecraft:chainmail_chestplate":1,"minecraft:stone_brick_stairs":1,"minecraft:oak_log":5,"minecraft:golden_boots":1,"minecraft:shield":1,"minecraft:gunpowder":15,"minecraft:string":17,"minecraft:orange_terracotta":1,"minecraft:iron_leggings":2,"minecraft:leather_boots":3,"minecraft:smooth_sandstone":1,"minecraft:bone":37,"minecraft:stone_bricks":2,"farmersdelight:cooking_pot":1,"minecraft:red_sandstone":1,"minecraft:candle":1,"minecraft:cobbled_deepslate":27,"minecraft:redstone_torch":2,"minecraft:mossy_stone_bricks":3,"minecraft:soul_sand":1,"minecraft:mossy_stone_brick_stairs":2,"minecraft:tipped_arrow":10,"minecraft:sandstone":2,"orcz:orcskull":1,"minecraft:torch":29,"minecraft:gravel":2,"minecraft:sandstone_wall":3,"minecraft:porkchop":7,"minecraft:sand":3,"orcz:orchorn":1,"minecraft:nether_brick_stairs":2,"tombstone:grave_dust":7,"mutantmonsters:creeper_shard":1,"minecraft:diamond_block":1,"minecraft:spider_eye":5,"minecraft:mossy_cobblestone":6,"minecraft:leather_helmet":1,"minecraft:cut_red_sandstone":1,"minecraft:bundle":2,"minecraft:arrow":24,"minecraft:rotten_flesh":46,"minecraft:stone_shovel":2,"minecraft:lever":1,"alexsmobs:emu_egg":1,"tombstone:magic_scroll":2,"minecraft:netherrack":1,"minecraft:iron_bars":14,"minecraft:coal":1,"minecraft:cobblestone":13},"minecraft:mined":{"minecraft:mossy_cobblestone":6,"minecraft:chiseled_red_sandstone":1,"minecraft:orange_terracotta":1,"minecraft:smooth_sandstone":1,"minecraft:torch":8,"minecraft:red_sand":1,"minecraft:sandstone":2,"minecraft:wall_torch":8,"minecraft:spawner":33,"minecraft:red_sandstone":2,"minecraft:stone_brick_stairs":1,"minecraft:mossy_stone_brick_stairs":1,"minecraft:pointed_dripstone":1,"minecraft:oak_log":5,"minecraft:vine":2,"minecraft:iron_bars":14,"minecraft:cracked_stone_bricks":1,"minecraft:stone":1,"minecraft:mossy_stone_bricks":5,"minecraft:redstone_lamp":1},"minecraft:crafted":{"minecraft:oak_planks":20},"minecraft:custom":{"minecraft:interact_with_furnace":1,"minecraft:mob_kills":106,"minecraft:open_barrel":1,"minecraft:damage_dealt_resisted":241,"minecraft:leave_game":5,"minecraft:time_since_death":31822,"minecraft:climb_one_cm":21158,"minecraft:time_since_rest":31554,"minecraft:sprint_one_cm":451150,"minecraft:damage_taken":4262,"minecraft:walk_one_cm":211076,"minecraft:damage_blocked_by_shield":710,"minecraft:drop":7,"minecraft:damage_dealt":17622,"minecraft:swim_one_cm":1731,"minecraft:fly_one_cm":195829,"minecraft:open_chest":76,"minecraft:crouch_one_cm":1104,"minecraft:play_time":71149,"minecraft:sneak_time":1063,"tombstone:undead_killed":71,"minecraft:deaths":2,"minecraft:walk_under_water_one_cm":718,"minecraft:jump":916,"minecraft:walk_on_water_one_cm":8956,"minecraft:total_world_time":71149,"minecraft:fall_one_cm":24361},"minecraft:killed":{"minecraft:cave_spider":8,"minecraft:pig":3,"minecraft:spider":6,"minecraft:creeper":1,"minecraft:skeleton":17,"mutantmonsters:creeper_minion":4,"minecraft:zombie":36,"minecraft:stray":15,"orcz:bigorcboss":1,"minecraft:silverfish":1,"orcz:orcsavagemace":2,"mutantmonsters:mutant_creeper":2,"orcz:orcsavage_2sword":2,"minecraft:wither_skeleton":3,"orcz:orcshield":2},"minecraft:broken":{"minecraft:iron_chestplate":1,"minecraft:iron_leggings":1}},"DataVersion":3465}