{"stats":{"minecraft:killed":{"orcz:goblinsavagemace":2,"hunters_return:hunter":6,"minecraft:creeper":1,"alexsmobs:banana_slug":1,"orcz:bigorcboss":1,"orcz:squig":3,"orcz:orcsavage_2sword":1,"orcz:snot":2},"minecraft:crafted":{"minecraft:crafting_table":1,"minecraft:iron_sword":1,"minecraft:bread":116,"biomesoplenty:fir_planks":8,"minecraft:iron_axe":1,"minecraft:stick":4,"minecraft:wheat":342},"minecraft:dropped":{"alexsmobs:animal_dictionary":1,"orcz:palisadedarkoak":2,"minecraft:wheat":2,"mca:book_romance":1,"tombstone:grave_dust":1,"pfm:furniture_book":1,"minecraft:beef":2,"minecraft:bone":3},"minecraft:picked_up":{"minecraft:crafting_table":2,"minecraft:wheat":2,"minecraft:chicken":9,"biomesoplenty:fir_log":2,"minecraft:string":6,"minecraft:dirt":10,"minecraft:cooked_mutton":6,"minecraft:apple":3,"minecraft:wheat_seeds":2,"minecraft:beef":2,"minecraft:cooked_chicken":4,"minecraft:porkchop":4,"tombstone:grave_dust":1,"minecraft:white_bed":1,"orcz:palisadedarkoak":3,"minecraft:dark_oak_planks":1,"minecraft:arrow":23,"minecraft:diamond":6,"orcz:orcshroom":1,"minecraft:hay_block":38,"minecraft:golden_apple":1,"minecraft:emerald":2,"minecraft:mutton":6},"minecraft:custom":{"minecraft:mob_kills":17,"tombstone:raider_killed":6,"minecraft:interact_with_crafting_table":5,"minecraft:open_barrel":8,"minecraft:leave_game":3,"minecraft:time_since_death":12148,"minecraft:sleep_in_bed":4,"minecraft:climb_one_cm":2374,"minecraft:time_since_rest":6044,"minecraft:sprint_one_cm":203159,"minecraft:damage_taken":1443,"minecraft:walk_one_cm":98697,"minecraft:drop":8,"minecraft:damage_dealt":2509,"minecraft:swim_one_cm":9364,"minecraft:talked_to_villager":1,"minecraft:fly_one_cm":229372,"minecraft:open_chest":36,"minecraft:crouch_one_cm":1,"minecraft:play_time":49493,"minecraft:deaths":2,"minecraft:sneak_time":13,"minecraft:walk_under_water_one_cm":2538,"minecraft:jump":1132,"minecraft:walk_on_water_one_cm":4726,"minecraft:total_world_time":49493,"minecraft:fall_one_cm":31751},"minecraft:used":{"minecraft:water_bucket":6,"minecraft:iron_sword":84,"biomesoplenty:fir_planks":2,"minecraft:dirt":10,"minecraft:crafting_table":3,"orcz:palisadedarkoak":1,"minecraft:apple":1,"minecraft:iron_axe":9,"minecraft:bread":25,"minecraft:fire_charge":1,"minecraft:bow":33,"minecraft:bucket":7,"tombstone:gift":1,"alexsmobs:animal_dictionary":4},"minecraft:mined":{"minecraft:dark_oak_planks":1,"minecraft:white_bed":1,"minecraft:powder_snow":12,"orcz:palisadedarkoak":6,"minecraft:crafting_table":2,"minecraft:grass_block":6,"minecraft:chest":1,"minecraft:hay_block":38,"untamedwilds:block_burrow":1,"biomesoplenty:fir_log":2,"minecraft:grass":11,"minecraft:dirt_path":2,"minecraft:dirt":2,"minecraft:cobweb":6,"minecraft:fern":9}},"DataVersion":3465}