{"stats":{"minecraft:picked_up":{"minecraft:iron_chestplate":4,"minecraft:chainmail_boots":2,"minecraft:flower_pot":2,"minecraft:anvil":7,"minecraft:diamond_sword":21,"minecraft:smithing_table":1,"minecraft:lead":3,"biomesoplenty:orange_autumn_sapling":46,"minecraft:enchanted_book":1,"croptopia:calamari":21,"minecraft:brewing_stand":2,"minecraft:polished_deepslate":2,"paraglider:goddess_statue":4,"minecraft:string":229,"minecraft:soul_soil":10,"biomesoplenty:yellow_autumn_sapling":125,"minecraft:red_nether_bricks":1,"biomesoplenty:tall_lavender":7,"minecraft:pufferfish":2,"minecraft:gold_nugget":14,"minecraft:cobbled_deepslate":75,"minecraft:spruce_planks":14,"croptopia:blueberry":1,"minecraft:coal_block":98,"minecraft:golden_helmet":3,"minecraft:jukebox":1,"orcz:orcskull":7,"minecraft:sandstone_wall":3,"orcz:palisadedarkoak":5,"minecraft:golden_chestplate":1,"minecraft:waxed_cut_copper_stairs":3,"minecraft:stone_sword":1,"minecraft:light_gray_bed":2,"biomesoplenty:rose_quartz_chunk":2,"minecraft:glowstone":1,"minecraft:waxed_cut_copper":4,"minecraft:iron_bars":66,"minecraft:snowball":65,"biomesoplenty:lavender":141,"minecraft:birch_log":336,"minecraft:magma_block":16,"minecraft:cooked_beef":24,"orcz:orcteeth":166,"farmersdelight:rice":2,"minecraft:iron_door":3,"biomesoplenty:dried_salt":6,"minecraft:dark_oak_boat":10,"biomesoplenty:fir_sapling":11,"biomesoplenty:fir_log":80,"minecraft:flint":27,"tombstone:familiar_receptacle":1,"untamedwilds:food_turtle_raw":2,"croptopia:kiwi_seed":3,"minecraft:chipped_anvil":4,"minecraft:diamond_helmet":3,"minecraft:glowstone_dust":74,"aquaculture:jellyfish":3,"croptopia:tuna":3,"minecraft:stripped_acacia_wood":2,"orcz:blue_orcshroom":13,"minecraft:ink_sac":44,"sophisticatedbackpacks:iron_backpack":1,"minecraft:trapped_chest":1,"minecraft:dark_oak_log":203,"minecraft:bundle":27,"minecraft:lever":5,"minecraft:chainmail_helmet":2,"minecraft:bread":3,"alexsmobs:maggot":1,"minecraft:diamond_pickaxe":2,"sophisticatedbackpacks:gold_backpack":2,"securitycraft:gravel_mine":9,"minecraft:crafting_table":17,"minecraft:sandstone_slab":1,"minecraft:clay_ball":1,"minecraft:leather_leggings":5,"minecraft:golden_pickaxe":2,"minecraft:redstone_lamp":3,"minecraft:cracked_stone_bricks":4,"minecraft:beef":18,"minecraft:spruce_slab":2,"minecraft:poppy":2,"minecraft:chest":5,"minecraft:egg":1,"minecraft:sandstone":54,"minecraft:stone":1,"securitycraft:reinforced_cobblestone":52,"minecraft:raw_gold_block":4,"minecraft:glow_item_frame":3,"sophisticatedbackpacks:backpack":1,"minecraft:music_disc_mellohi":2,"minecraft:amethyst_cluster":3,"untamedwilds:flora_bush_temperate":3,"ironchest:iron_chest":7,"minecraft:spruce_fence":10,"orcz:orchorn":4,"minecraft:carrot":2,"minecraft:redstone":7,"minecraft:prismarine_crystals":5,"mutantmonsters:creeper_shard":1,"minecraft:tnt":11,"minecraft:stone_shovel":2,"minecraft:diamond_chestplate":2,"minecraft:cooked_cod":1,"minecraft:peony":2,"aquaculture:brown_trout":1,"minecraft:hay_block":75,"tombstone:essence_of_undeath":6,"minecraft:mutton":10,"minecraft:white_wool":36,"alexsmobs:kangaroo_meat":1,"minecraft:rail":73,"minecraft:tripwire_hook":1,"croptopia:crab":2,"minecraft:filled_map":1,"minecraft:packed_mud":1,"minecraft:oak_log":74,"minecraft:lily_pad":4,"minecraft:ancient_debris":14,"minecraft:golden_boots":3,"minecraft:white_banner":2,"minecraft:light_blue_banner":2,"minecraft:apple":26,"minecraft:stone_bricks":10,"farmersdelight:cooking_pot":1,"minecraft:kelp":5,"minecraft:stone_pickaxe":2,"tombstone:bag_of_seeds":8,"minecraft:iron_sword":12,"minecraft:flowering_azalea":2,"minecraft:dark_oak_stairs":2,"minecraft:dark_oak_slab":7,"minecraft:red_wool":1,"minecraft:gravel":192,"croptopia:rutabaga_seed":2,"aquaculture:red_grouper":2,"orcz:orcamanita":12,"minecraft:spruce_sapling":7,"minecraft:spruce_log":58,"minecraft:leather_helmet":4,"minecraft:oak_wood":13,"minecraft:diamond_shovel":2,"biomesoplenty:maple_sapling":21,"minecraft:slime_ball":10,"minecraft:stone_axe":1,"minecraft:diamond_axe":3,"minecraft:painting":1,"minecraft:lodestone":1,"minecraft:baked_potato":1,"minecraft:hopper":1,"minecraft:ender_pearl":6,"biomesoplenty:burning_blossom":5,"croptopia:zucchini":2,"minecraft:wheat":202,"croptopia:clam":1,"minecraft:iron_trapdoor":1,"minecraft:potion":3,"minecraft:gilded_blackstone":1,"minecraft:stone_brick_stairs":9,"alexsmobs:gazelle_horn":2,"minecraft:raw_copper":248,"minecraft:smooth_stone_slab":1,"minecraft:iron_leggings":2,"minecraft:armor_stand":1,"minecraft:sea_pickle":3,"biomesoplenty:brimstone":11,"minecraft:rose_bush":3,"minecraft:redstone_torch":2,"minecraft:calcite":49,"minecraft:ender_eye":7,"minecraft:smooth_quartz":172,"minecraft:iron_boots":2,"alexsmobs:leafcutter_ant_chamber":1,"minecraft:furnace":2,"biomesoplenty:rose_quartz_block":6,"minecraft:tipped_arrow":25,"minecraft:stick":149,"minecraft:torch":335,"croptopia:rutabaga":1,"minecraft:spruce_stairs":3,"minecraft:porkchop":49,"orcz:squigs_claws":3,"tombstone:grave_dust":173,"mutantmonsters:hulk_hammer":1,"minecraft:quartz_block":1,"minecraft:rotten_flesh":425,"mcwbridges:cobblestone_bridge":12,"orcz:orcshroom":1,"alexsmobs:emu_egg":3,"minecraft:stripped_birch_wood":7,"minecraft:obsidian":200,"minecraft:cod":7,"minecraft:cobblestone":13722,"minecraft:nautilus_shell":1,"minecraft:enchanting_table":1,"aquaculture:tuna":1,"minecraft:andesite":32,"minecraft:golden_leggings":5,"minecraft:potato":4,"paraglider:spirit_orb":752,"minecraft:wither_skeleton_skull":7,"croptopia:blueberry_seed":1,"minecraft:lapis_lazuli":260,"minecraft:dirt":4319,"minecraft:name_tag":2,"minecraft:leather_boots":5,"minecraft:bone":704,"minecraft:bow":23,"minecraft:wheat_seeds":669,"minecraft:raw_gold":13,"minecraft:birch_wood":10,"minecraft:mossy_stone_bricks":14,"minecraft:powered_rail":1,"minecraft:oak_planks":13,"minecraft:mossy_stone_brick_stairs":5,"croptopia:yam":1,"biomesoplenty:toadstool":2,"minecraft:cooked_porkchop":12,"securitycraft:dirt_mine":5,"mcwbridges:cobblestone_bridge_stair":14,"orcz:skullwandorc":1,"orcz:orcagaric":9,"minecraft:sand":1091,"minecraft:nether_brick_stairs":9,"minecraft:grass_block":1,"minecraft:diamond_block":3,"minecraft:mossy_cobblestone":18,"sons_of_sins:flesh_of_demise":3,"minecraft:dark_prismarine":1,"minecraft:diamond":74,"minecraft:slime_block":6,"untamedwilds:hide_golden":3,"minecraft:crossbow":1,"minecraft:white_concrete":1,"minecraft:golden_apple":3,"minecraft:emerald":33,"orcz:ironscrap":6,"minecraft:oak_sapling":7,"minecraft:netherrack":12391,"croptopia:zucchini_seed":2,"minecraft:end_stone_bricks":3,"minecraft:fishing_rod":1,"minecraft:charcoal":2,"minecraft:allium":1,"minecraft:chicken":11,"dynamictrees:spruce_seed":3,"minecraft:cooked_rabbit":3,"minecraft:gold_block":20,"minecraft:shield":6,"elevatorid:elevator_black":1,"minecraft:moss_carpet":1,"minecraft:wooden_sword":2,"minecraft:item_frame":6,"minecraft:blackstone":79,"minecraft:cyan_carpet":17,"minecraft:candle":4,"alexsmobs:elastic_tendon":1,"minecraft:player_head":18,"minecraft:tinted_glass":4,"biomesoplenty:wildflower":17,"minecraft:sugar_cane":55,"minecraft:dark_oak_sapling":10,"minecraft:raw_iron":87,"minecraft:note_block":1,"minecraft:polished_blackstone_bricks":36,"croptopia:yam_seed":2,"minecraft:stone_pressure_plate":4,"minecraft:dark_oak_planks":24,"minecraft:arrow":561,"minecraft:pumpkin_pie":3,"minecraft:nether_bricks":4,"croptopia:sea_lettuce":3,"minecraft:saddle":10,"paraglider:horned_statue":3,"alexsmobs:ghostly_pickaxe":1,"minecraft:skeleton_skull":1,"alexscaves:seeking_arrow":1,"minecraft:golden_carrot":1,"minecraft:glow_ink_sac":2,"minecraft:salmon":6,"minecraft:cut_sandstone":1,"minecraft:leather":29,"pfm:dark_oak_black_classic_bed":2,"minecraft:chainmail_chestplate":3,"minecraft:yellow_bed":1,"minecraft:gunpowder":71,"minecraft:orange_terracotta":1,"minecraft:cooked_mutton":2,"minecraft:smooth_sandstone":3,"minecraft:red_carpet":2,"mcwbridges:balustrade_cobblestone_bridge":18,"minecraft:gray_carpet":1,"untamedwilds:material_fat":3,"minecraft:red_sandstone":1,"minecraft:spruce_wood":27,"minecraft:iron_ingot":7,"croptopia:anchovy":1,"dynamictrees:birch_seed":1,"minecraft:cooked_chicken":10,"aquaculture:minnow":1,"croptopia:kiwi":2,"minecraft:soul_sand":2,"minecraft:book":232,"minecraft:scaffolding":4,"artifacts:obsidian_skull":1,"minecraft:quartz":1446,"minecraft:blast_furnace":1,"minecraft:white_bed":43,"minecraft:spider_eye":59,"minecraft:cut_red_sandstone":1,"biomesoplenty:bramble":25,"minecraft:gray_banner":1,"minecraft:honey_block":5,"minecraft:chainmail_leggings":3,"minecraft:mossy_cobblestone_stairs":6,"minecraft:acacia_slab":1,"tombstone:magic_scroll":23,"orcz:orceye":1,"minecraft:damaged_anvil":2,"minecraft:dark_oak_wood":4,"minecraft:coal":721},"minecraft:mined":{"minecraft:dark_oak_planks":24,"minecraft:white_bed":43,"mcwbridges:cobblestone_bridge":12,"minecraft:black_terracotta":1,"minecraft:chiseled_red_sandstone":1,"minecraft:red_nether_bricks":1,"biomesoplenty:brimstone":15,"orcz:palisadedarkoak":6,"minecraft:obsidian":191,"biomesoplenty:burning_blossom":6,"minecraft:red_sand":1,"biomesoplenty:bramble":27,"minecraft:light_gray_bed":2,"minecraft:coal_block":76,"biomesoplenty:dried_salt":6,"minecraft:hopper":1,"minecraft:red_stained_glass_pane":1,"minecraft:spawner":412,"minecraft:polished_blackstone_bricks":36,"minecraft:magma_block":35,"biomesoplenty:tall_lavender":4,"minecraft:mossy_cobblestone_stairs":12,"untamedwilds:nest_reptile":1,"minecraft:fire":47,"minecraft:cobbled_deepslate":9,"biomesoplenty:lavender":83,"minecraft:moss_carpet":2,"minecraft:deepslate_lapis_ore":23,"minecraft:nether_brick_stairs":7,"minecraft:enchanting_table":1,"minecraft:dirt_path":2,"biomesoplenty:webbing":8,"minecraft:spruce_wood":27,"minecraft:player_head":10,"minecraft:tripwire":1,"minecraft:cut_sandstone":1,"minecraft:torch":98,"minecraft:note_block":1,"minecraft:dark_oak_wood":5,"minecraft:blast_furnace":2,"minecraft:dead_bush":1,"minecraft:sugar_cane":30,"minecraft:damaged_anvil":2,"minecraft:skeleton_skull":1,"minecraft:repeater":1,"croptopia:zucchini_crop":1,"minecraft:tinted_glass":4,"paraglider:horned_statue":3,"minecraft:wheat":211,"minecraft:jukebox":1,"biomesoplenty:large_rose_quartz_bud":3,"minecraft:stone_brick_stairs":11,"minecraft:grass":601,"minecraft:smooth_quartz":175,"minecraft:stripped_birch_wood":7,"minecraft:deepslate":27,"biomesoplenty:reed":1,"minecraft:dark_prismarine":1,"biomesoplenty:watergrass":11,"untamedwilds:flora_junegrass":1,"minecraft:mossy_cobblestone":21,"biomesoplenty:desert_grass":48,"minecraft:dark_oak_log":178,"minecraft:potted_flowering_azalea_bush":2,"minecraft:sea_lantern":1,"minecraft:nether_bricks":6,"minecraft:allium":1,"minecraft:spruce_fence":10,"connectedglass:clear_glass":3,"minecraft:redstone_wire":1,"alexsmobs:leafcutter_ant_chamber":1,"biomesoplenty:dead_grass":1,"minecraft:moss_block":1,"biomesoplenty:dune_grass":1,"dynamictrees:oak_leaves":10,"minecraft:packed_mud":1,"minecraft:red_sandstone":2,"minecraft:snow":65,"minecraft:suspicious_sand":1,"minecraft:andesite":33,"dynamictrees:spruce_leaves":1,"minecraft:mossy_stone_brick_stairs":8,"dynamictrees:oak_branch":75,"biomesoplenty:high_grass":111,"minecraft:vine":14,"minecraft:rail":73,"ironchest:iron_chest":7,"biomesoplenty:barley":57,"minecraft:white_wool":5,"minecraft:ender_chest":1,"minecraft:smithing_table":1,"minecraft:soul_sand":1,"orcz:orcskull":2,"minecraft:smooth_sandstone":3,"untamedwilds:flora_bush_temperate":2,"minecraft:emerald_ore":3,"minecraft:campfire":1,"biomesoplenty:high_grass_plant":285,"minecraft:tall_grass":41,"minecraft:copper_ore":75,"minecraft:deepslate_gold_ore":8,"minecraft:spruce_log":37,"securitycraft:dirt_mine":6,"minecraft:gravel":117,"minecraft:cobweb":13,"minecraft:stone_bricks":12,"minecraft:chipped_anvil":4,"elevatorid:elevator_black":1,"minecraft:deepslate_emerald_ore":16,"minecraft:iron_trapdoor":1,"minecraft:fern":6,"minecraft:stone_pressure_plate":2,"minecraft:spruce_planks":8,"orcz:orcamanita":7,"minecraft:brewing_stand":2,"minecraft:cave_vines_plant":1,"minecraft:grass_block":2220,"securitycraft:gravel_mine":9,"biomesoplenty:rose_quartz_block":7,"minecraft:gray_banner":1,"minecraft:cracked_polished_blackstone_bricks":3,"biomesoplenty:flowering_oak_leaves":1,"minecraft:white_concrete":15,"minecraft:soul_soil":10,"minecraft:mud_bricks":1,"minecraft:gilded_blackstone":1,"biomesoplenty:bramble_leaves":2,"minecraft:glowstone":21,"minecraft:iron_ore":8,"minecraft:anvil":7,"minecraft:dark_oak_stairs":2,"minecraft:pointed_dripstone":1,"minecraft:flowering_azalea_leaves":2,"minecraft:iron_bars":65,"minecraft:end_stone_bricks":3,"minecraft:spruce_slab":3,"landk_furniture_v1_4:plushfreddy":1,"minecraft:waxed_cut_copper":8,"minecraft:waxed_cut_copper_stairs":3,"minecraft:deepslate_redstone_ore":1,"minecraft:gray_terracotta":1,"minecraft:quartz_block":2,"minecraft:blackstone":58,"biomesoplenty:wildflower":10,"minecraft:orange_terracotta":1,"minecraft:calcite":50,"minecraft:chest":2,"minecraft:nether_quartz_ore":889,"minecraft:cobblestone":2551,"minecraft:birch_wood":20,"minecraft:slime_block":6,"minecraft:oak_planks":14,"minecraft:iron_door":1,"minecraft:light_blue_banner":2,"minecraft:wall_torch":122,"minecraft:powered_rail":1,"minecraft:dark_oak_slab":5,"orcz:orcagaric":4,"minecraft:birch_log":338,"minecraft:tnt":9,"biomesoplenty:fir_log":101,"minecraft:smooth_stone_slab":1,"orcz:blue_orcshroom":4,"minecraft:oak_log":75,"minecraft:sand":993,"minecraft:dirt":1968,"minecraft:tripwire_hook":2,"minecraft:ancient_debris":15,"minecraft:netherrack":24706,"minecraft:oak_leaves":20,"minecraft:redstone_lamp":2,"minecraft:nether_gold_ore":7,"minecraft:red_carpet":2,"minecraft:deepslate_diamond_ore":32,"minecraft:candle":2,"minecraft:lever":1,"biomesoplenty:bush":15,"minecraft:acacia_slab":1,"mcwbridges:balustrade_cobblestone_bridge":18,"minecraft:sandstone":57,"minecraft:hay_block":75,"minecraft:furnace":2,"minecraft:raw_gold_block":4,"biomesoplenty:toadstool":1,"minecraft:peony":2,"minecraft:gold_block":17,"minecraft:polished_deepslate":3,"minecraft:bookshelf":76,"minecraft:deepslate_iron_ore":47,"minecraft:stone":7656,"minecraft:scaffolding":3,"minecraft:crafting_table":17,"minecraft:honey_block":5,"minecraft:oak_wood":13,"minecraft:rose_bush":1,"minecraft:stone_slab":1,"minecraft:deepslate_coal_ore":8,"biomesoplenty:sprout":1,"minecraft:lapis_ore":1,"minecraft:lily_pad":4,"minecraft:sculk":1,"minecraft:air":114,"minecraft:spruce_stairs":1,"untamedwilds:block_burrow":1,"minecraft:sea_pickle":1,"croptopia:yam_crop":1,"minecraft:coal_ore":330,"croptopia:kiwi_crop":1,"minecraft:cyan_carpet":5,"minecraft:gray_carpet":1,"minecraft:lodestone":1,"minecraft:cracked_stone_bricks":7,"minecraft:stripped_acacia_wood":2,"minecraft:small_dripleaf":2,"minecraft:mossy_stone_bricks":19,"paraglider:goddess_statue":4},"minecraft:used":{"alexsmobs:emu_egg":1,"minecraft:spruce_slab":1,"minecraft:ladder":2,"minecraft:chest":18,"minecraft:stone":239,"ironchest:iron_chest":7,"minecraft:snowball":7,"minecraft:lava_bucket":9,"minecraft:grass_block":1,"minecraft:quartz_block":1,"minecraft:dark_oak_slab":12,"minecraft:stone_brick_stairs":15,"minecraft:bow":791,"minecraft:dark_oak_boat":10,"mutantmonsters:hulk_hammer":3,"minecraft:furnace":4,"minecraft:potato":2,"minecraft:damaged_anvil":2,"minecraft:end_stone_bricks":3,"minecraft:blackstone":1,"minecraft:golden_apple":212,"minecraft:sand":20,"minecraft:blast_furnace":2,"securitycraft:universal_block_remover":6,"minecraft:birch_fence":2,"minecraft:red_sandstone":1,"minecraft:cyan_carpet":2,"securitycraft:mine":2,"minecraft:diamond_sword":4094,"minecraft:smithing_table":1,"ironchest:wood_to_iron_chest_upgrade":2,"minecraft:enchanting_table":2,"minecraft:sandstone_wall":3,"minecraft:netherrack":706,"minecraft:torch":2090,"minecraft:anvil":9,"elevatorid:elevator_black":3,"orcz:palisadedarkoak":1,"minecraft:chipped_anvil":4,"minecraft:smooth_quartz":1,"alexsmobs:ghostly_pickaxe":2,"securitycraft:dirt_mine":51,"mcwbridges:cobblestone_bridge":10,"tombstone:gift":9,"minecraft:trapped_chest":1,"minecraft:cobbled_deepslate":42,"minecraft:orange_terracotta":1,"minecraft:water_bucket":179,"minecraft:birch_planks":56,"minecraft:leather_boots":1,"minecraft:cracked_stone_bricks":1,"minecraft:mossy_cobblestone":5,"minecraft:tnt":150,"minecraft:crafting_table":20,"minecraft:white_bed":44,"minecraft:diamond_pickaxe":37293,"minecraft:diamond_shovel":5316,"minecraft:iron_pickaxe":250,"tombstone:magic_scroll":1,"mcwbridges:cobblestone_bridge_stair":24,"minecraft:cobblestone":5412,"minecraft:potion":4,"minecraft:cooked_porkchop":29,"untamedwilds:flora_bush_temperate":2,"minecraft:sandstone_slab":1,"securitycraft:universal_owner_changer":38,"minecraft:polished_deepslate":2,"minecraft:shield":351,"minecraft:iron_sword":1398,"paraglider:goddess_statue":4,"minecraft:nether_bricks":1,"minecraft:obsidian":14,"minecraft:iron_helmet":1,"orcz:orcagaric":1,"minecraft:stone_bricks":75,"minecraft:golden_sword":32,"minecraft:golden_boots":1,"orcz:orcskull":1,"minecraft:dark_oak_stairs":6,"minecraft:oak_planks":146,"minecraft:birch_wood":9,"minecraft:ender_pearl":10,"minecraft:sandstone":2,"minecraft:redstone_block":3,"biomesoplenty:fir_planks":233,"minecraft:diamond_axe":1324,"minecraft:sugar_cane":13,"minecraft:mushroom_stew":1,"minecraft:lingering_potion":2,"minecraft:lever":1,"minecraft:dark_oak_log":13,"minecraft:bread":143,"tombstone:grave_key":13,"minecraft:gravel":12,"securitycraft:gravel_mine":67,"minecraft:cooked_rabbit":2,"minecraft:andesite":2,"minecraft:bone_meal":1,"minecraft:golden_pickaxe":535,"minecraft:experience_bottle":253,"minecraft:flint_and_steel":60,"minecraft:stone_shovel":84,"minecraft:spruce_planks":144,"minecraft:cooked_chicken":5,"minecraft:oak_door":2,"minecraft:dirt":3309,"minecraft:hopper":4,"minecraft:dark_oak_planks":483,"paraglider:horned_statue":2,"minecraft:bookshelf":40,"minecraft:smooth_sandstone":1,"minecraft:golden_carrot":251,"minecraft:cooked_beef":160,"minecraft:enchanted_golden_apple":2,"minecraft:light_gray_bed":2,"minecraft:cooked_mutton":2,"tombstone:scroll_of_knowledge":3,"securitycraft:reinforced_cobblestone":52,"minecraft:baked_potato":11,"minecraft:red_nether_bricks":1,"minecraft:stonecutter":1,"minecraft:glow_item_frame":2,"mcwbridges:balustrade_cobblestone_bridge":15,"farmersdelight:smoked_ham":6,"minecraft:fishing_rod":52,"minecraft:bucket":192,"minecraft:pumpkin_pie":13,"minecraft:splash_potion":12},"minecraft:killed":{"minecraft:cave_spider":73,"orcz:goblinshield":3,"untamedwilds:wildebeest":2,"alexsmobs:murmur":1,"minecraft:dolphin":1,"minecraft:skeleton":411,"orcz:goblinwerid":1,"minecraft:pillager":18,"minecraft:zombie":395,"orcz:bigorcboss":6,"untamedwilds:snake":2,"mutantmonsters:mutant_creeper":2,"orcz:orcsavage_2sword":10,"minecraft:cow":7,"mca:female_zombie_villager":3,"minecraft:endermite":1,"orcz:orcsavagemaceiron":1,"orcz:orcsavagemace":10,"alexsmobs:underminer":1,"orcz:orcsavageweird":2,"minecraft:husk":50,"minecraft:ravager":11,"untamedwilds:big_cat":1,"alexsmobs:catfish":1,"mutantmonsters:creeper_minion":4,"alexsmobs:crocodile":1,"untamedwilds:spadefish":1,"minecraft:enderman":4,"untamedwilds:hyena":1,"minecraft:witch":4,"minecraft:spider":127,"minecraft:silverfish":2,"orcz:squig":3,"minecraft:piglin_brute":1,"alexsmobs:kangaroo":1,"orcz:weirdboinecro":2,"minecraft:pig":8,"orcz:goblinsavagemace":20,"hunters_return:hunter":10,"untamedwilds:boar":2,"minecraft:creeper":61,"minecraft:sheep":2,"minecraft:stray":39,"orcz:snot":16,"orcz:orcshield":10,"alexsmobs:bone_serpent":2,"alexsmobs:dropbear":1,"minecraft:slime":13,"minecraft:phantom":2,"aquaculture:brown_trout":1,"minecraft:drowned":1,"minecraft:hoglin":9,"minecraft:squid":21,"sons_of_sins:betrayed_guzzler":4,"alexsmobs:gazelle":2,"mutantmonsters:mutant_zombie":1,"orcz:goblin_2sword":3,"minecraft:wither_skeleton":240},"minecraft:dropped":{"minecraft:iron_sword":5,"minecraft:cooked_beef":6,"sophisticatedbackpacks:gold_backpack":1,"minecraft:dirt":643,"minecraft:sand":448,"minecraft:fishing_rod":1,"minecraft:cyan_carpet":15,"minecraft:rotten_flesh":4,"minecraft:oak_planks":52,"minecraft:quartz_block":164,"minecraft:wheat_seeds":1,"minecraft:cobblestone":1202,"minecraft:coal":1,"minecraft:golden_carrot":2,"minecraft:diamond_helmet":1,"minecraft:string":8,"minecraft:netherite_ingot":3,"orcz:orcamanita":2,"minecraft:spruce_fence":9,"pfm:dark_oak_black_classic_bed":1,"minecraft:diamond_sword":3,"minecraft:bundle":1,"minecraft:diamond_pickaxe":2,"minecraft:yellow_bed":1,"minecraft:spider_eye":2,"minecraft:bow":1,"minecraft:diamond_axe":1,"minecraft:golden_pickaxe":1,"minecraft:dark_oak_log":34,"minecraft:chest":3,"minecraft:iron_bars":2,"minecraft:arrow":39,"minecraft:netherrack":64,"minecraft:diamond_leggings":1,"minecraft:spruce_stairs":3,"minecraft:torch":1,"tombstone:grave_dust":1,"minecraft:redstone":49,"minecraft:shield":1,"minecraft:diamond_boots":1,"minecraft:stone_pickaxe":1},"minecraft:broken":{"minecraft:diamond_helmet":3,"minecraft:iron_boots":2,"minecraft:iron_chestplate":2,"minecraft:iron_leggings":1,"minecraft:chainmail_boots":1,"minecraft:golden_sword":1,"minecraft:diamond_shovel":1,"minecraft:diamond_pickaxe":3,"minecraft:iron_sword":2,"minecraft:bow":1,"minecraft:diamond_leggings":1,"minecraft:chainmail_helmet":1,"minecraft:shield":5,"minecraft:iron_pickaxe":1,"minecraft:diamond_boots":1,"minecraft:chainmail_chestplate":1,"minecraft:stone_shovel":1,"minecraft:diamond_chestplate":1,"minecraft:leather_boots":1,"minecraft:golden_pickaxe":1},"minecraft:custom":{"minecraft:interact_with_crafting_table":127,"minecraft:open_barrel":191,"goblintraders:trade_with_goblin":96,"minecraft:eat_cake_slice":1,"minecraft:leave_game":40,"minecraft:time_since_death":230162,"minecraft:damage_blocked_by_shield":14050,"minecraft:play_time":2406670,"minecraft:deaths":19,"minecraft:jump":27100,"minecraft:enchant_item":25,"minecraft:interact_with_furnace":70,"minecraft:sleep_in_bed":93,"minecraft:damage_dealt":351377,"tombstone:undead_killed":1145,"minecraft:interact_with_smoker":1,"minecraft:inspect_dispenser":10,"minecraft:horse_one_cm":26485,"minecraft:interact_with_smithing_table":15,"minecraft:inspect_dropper":2,"minecraft:interact_with_anvil":76,"minecraft:inspect_hopper":22,"minecraft:damage_dealt_absorbed":236,"minecraft:sneak_time":49102,"minecraft:interact_with_lectern":3,"minecraft:interact_with_blast_furnace":17,"minecraft:total_world_time":2406670,"tombstone:raider_killed":45,"minecraft:tune_noteblock":24,"minecraft:interact_with_stonecutter":17,"minecraft:time_since_rest":23739,"minecraft:swim_one_cm":264809,"minecraft:fly_one_cm":5288614,"minecraft:open_chest":1183,"minecraft:fish_caught":25,"minecraft:fall_one_cm":719461,"minecraft:damage_resisted":266,"minecraft:sprint_one_cm":7777694,"minecraft:drop":109,"minecraft:play_noteblock":12,"minecraft:talked_to_villager":1,"minecraft:walk_on_water_one_cm":200428,"minecraft:open_enderchest":1,"minecraft:crouch_one_cm":152967,"minecraft:mob_kills":1709,"minecraft:damage_dealt_resisted":30872,"minecraft:climb_one_cm":78540,"minecraft:walk_one_cm":6920115,"minecraft:walk_under_water_one_cm":204378,"minecraft:interact_with_grindstone":2,"minecraft:damage_taken":74992,"minecraft:damage_absorbed":4912,"minecraft:trigger_trapped_chest":1},"minecraft:crafted":{"minecraft:black_dye":44,"minecraft:smooth_stone":11,"minecraft:bookshelf":56,"minecraft:cooked_mutton":1,"minecraft:quartz_block":358,"minecraft:glass":64,"minecraft:diamond_helmet":1,"minecraft:diamond_leggings":2,"minecraft:black_wool":29,"minecraft:emerald":234,"minecraft:cooked_porkchop":8,"minecraft:stone_brick_stairs":8,"minecraft:iron_block":102,"minecraft:gold_ingot":243,"minecraft:netherite_ingot":3,"minecraft:experience_bottle":64,"minecraft:bone_meal":60,"elevatorid:elevator_black":2,"minecraft:diamond":153,"minecraft:ladder":3,"securitycraft:universal_block_remover":1,"minecraft:diamond_boots":2,"minecraft:dark_oak_planks":504,"ironchest:wood_to_iron_chest_upgrade":2,"securitycraft:universal_block_modifier":1,"minecraft:enchanting_table":1,"sophisticatedbackpacks:gold_backpack":1,"mcwbridges:cobblestone_bridge":4,"minecraft:golden_apple":33,"minecraft:gunpowder":64,"securitycraft:mine":183,"minecraft:oak_planks":196,"minecraft:dark_oak_boat":1,"minecraft:stone":14,"minecraft:spruce_pressure_plate":1,"magistuarmory:diamond_zweihander":1,"securitycraft:laser_block":1,"minecraft:hopper":3,"minecraft:bow":1,"minecraft:chest":22,"minecraft:golden_boots":1,"magistuarmory:diamond_shortsword":1,"minecraft:crafting_table":6,"minecraft:spruce_planks":128,"securitycraft:universal_owner_changer":1,"minecraft:gold_block":130,"minecraft:birch_planks":606,"biomesoplenty:fir_planks":320,"minecraft:tnt":42,"minecraft:dark_oak_slab":6,"minecraft:book":6,"minecraft:paper":18,"minecraft:charcoal":38,"minecraft:diamond_pickaxe":10,"minecraft:emerald_block":38,"minecraft:birch_fence":3,"sophisticatedbackpacks:diamond_backpack":4,"minecraft:stick":312,"minecraft:iron_ingot":522,"minecraft:shears":2,"securitycraft:universal_block_reinforcer_lvl1":1,"magistuarmory:leather_strip":12,"minecraft:oak_door":3,"mcwbridges:cobblestone_bridge_stair":1,"minecraft:coal":682,"minecraft:furnace":4,"minecraft:blast_furnace":1,"minecraft:diamond_block":50,"minecraft:glass_pane":16,"minecraft:flint_and_steel":1,"magistuarmory:hilt":5,"minecraft:netherite_scrap":15,"sophisticatedbackpacks:iron_backpack":1,"minecraft:dark_oak_stairs":4,"minecraft:bucket":5,"minecraft:air":0,"securitycraft:dirt_mine":47,"minecraft:stonecutter":1,"minecraft:anvil":3,"minecraft:torch":1336,"securitycraft:gravel_mine":64,"mca:wedding_ring":1,"minecraft:diamond_chestplate":1}},"DataVersion":3465}