{"stats":{"minecraft:custom":{"minecraft:mob_kills":210,"minecraft:interact_with_crafting_table":1,"minecraft:open_barrel":34,"minecraft:damage_dealt_resisted":363,"minecraft:eat_cake_slice":1,"minecraft:leave_game":11,"minecraft:time_since_death":24273,"minecraft:climb_one_cm":24617,"minecraft:damage_resisted":110,"minecraft:sprint_one_cm":1102078,"minecraft:walk_one_cm":603332,"minecraft:damage_blocked_by_shield":2645,"minecraft:drop":12,"minecraft:play_time":203118,"minecraft:deaths":7,"minecraft:sneak_time":1551,"minecraft:walk_under_water_one_cm":7326,"minecraft:jump":3086,"minecraft:interact_with_blast_furnace":8,"minecraft:walk_on_water_one_cm":21468,"minecraft:total_world_time":203118,"minecraft:interact_with_furnace":13,"tombstone:raider_killed":7,"minecraft:interact_with_grindstone":2,"minecraft:sleep_in_bed":10,"minecraft:time_since_rest":609,"minecraft:damage_taken":12251,"minecraft:damage_absorbed":453,"minecraft:damage_dealt":45967,"minecraft:swim_one_cm":44231,"minecraft:fly_one_cm":676402,"minecraft:open_chest":138,"minecraft:crouch_one_cm":1836,"tombstone:undead_killed":150,"minecraft:fall_one_cm":84633},"minecraft:crafted":{"minecraft:oak_planks":20,"minecraft:furnace":1,"minecraft:cooked_mutton":1,"minecraft:cooked_porkchop":8,"minecraft:air":0},"minecraft:mined":{"minecraft:white_bed":11,"minecraft:mossy_cobblestone":6,"minecraft:chiseled_red_sandstone":1,"minecraft:red_nether_bricks":1,"minecraft:red_sand":1,"minecraft:grass_block":3,"alexsmobs:leafcutter_ant_chamber":1,"minecraft:sandstone":2,"minecraft:spawner":54,"minecraft:hay_block":56,"dynamictrees:oak_leaves":5,"minecraft:furnace":1,"minecraft:red_sandstone":2,"minecraft:mossy_stone_brick_stairs":1,"dynamictrees:oak_branch":39,"minecraft:pointed_dripstone":1,"minecraft:vine":2,"minecraft:iron_bars":18,"minecraft:stone":14,"minecraft:player_head":8,"minecraft:orange_terracotta":1,"minecraft:smooth_sandstone":1,"minecraft:crafting_table":1,"minecraft:torch":8,"untamedwilds:flora_bush_temperate":2,"minecraft:tall_grass":1,"minecraft:oak_planks":2,"minecraft:wall_torch":10,"minecraft:air":76,"minecraft:stone_brick_stairs":1,"minecraft:smooth_stone_slab":1,"minecraft:grass":14,"minecraft:oak_log":5,"minecraft:coal_ore":25,"minecraft:cyan_carpet":1,"minecraft:gravel":3,"minecraft:gray_carpet":1,"minecraft:cobweb":1,"minecraft:cracked_stone_bricks":1,"minecraft:netherrack":1,"minecraft:mossy_stone_bricks":5,"minecraft:fern":3,"minecraft:redstone_lamp":1,"paraglider:goddess_statue":2},"minecraft:dropped":{"minecraft:wheat_seeds":1,"minecraft:cooked_beef":6,"minecraft:golden_pickaxe":1,"minecraft:coal":1,"sophisticatedbackpacks:gold_backpack":1,"minecraft:cyan_carpet":1,"minecraft:diamond_sword":1},"minecraft:picked_up":{"sophisticatedbackpacks:gold_backpack":1,"minecraft:iron_chestplate":1,"minecraft:crafting_table":1,"minecraft:sandstone_slab":1,"minecraft:chainmail_boots":1,"minecraft:leather_leggings":2,"minecraft:golden_pickaxe":2,"minecraft:diamond_sword":1,"minecraft:gold_block":1,"minecraft:potion":2,"minecraft:stone_brick_stairs":1,"minecraft:shield":1,"paraglider:goddess_statue":2,"minecraft:string":24,"minecraft:smooth_stone_slab":1,"minecraft:wooden_sword":1,"minecraft:red_nether_bricks":1,"minecraft:iron_leggings":2,"minecraft:cyan_carpet":2,"minecraft:candle":1,"minecraft:cobbled_deepslate":27,"minecraft:beef":3,"minecraft:redstone_torch":2,"minecraft:player_head":8,"croptopia:blueberry":1,"minecraft:furnace":1,"alexsmobs:leafcutter_ant_chamber":1,"minecraft:tipped_arrow":10,"minecraft:sandstone":2,"orcz:orcskull":1,"minecraft:torch":32,"untamedwilds:flora_bush_temperate":2,"minecraft:sandstone_wall":3,"minecraft:porkchop":10,"orcz:orchorn":2,"orcz:squigs_claws":2,"tombstone:grave_dust":12,"minecraft:carrot":1,"mutantmonsters:creeper_shard":1,"minecraft:rotten_flesh":86,"minecraft:stone_shovel":2,"minecraft:arrow":67,"minecraft:hay_block":56,"alexsmobs:emu_egg":1,"minecraft:iron_bars":18,"minecraft:cobblestone":25,"minecraft:cooked_beef":6,"orcz:orcteeth":68,"farmersdelight:rice":2,"minecraft:golden_leggings":2,"paraglider:spirit_orb":110,"minecraft:chainmail_chestplate":1,"minecraft:oak_log":5,"minecraft:golden_boots":1,"minecraft:gunpowder":15,"croptopia:blueberry_seed":1,"minecraft:dirt":3,"minecraft:orange_terracotta":1,"minecraft:leather_boots":3,"minecraft:smooth_sandstone":1,"minecraft:bone":83,"minecraft:stone_bricks":2,"minecraft:gray_carpet":1,"farmersdelight:cooking_pot":1,"minecraft:bow":1,"minecraft:red_sandstone":1,"minecraft:wheat_seeds":4,"minecraft:mossy_stone_bricks":3,"minecraft:mossy_stone_brick_stairs":2,"minecraft:oak_planks":2,"minecraft:soul_sand":1,"biomesoplenty:toadstool":1,"minecraft:cooked_porkchop":2,"orcz:skullwandorc":1,"minecraft:gravel":2,"orcz:blue_orcshroom":1,"minecraft:sand":3,"minecraft:nether_brick_stairs":2,"minecraft:white_bed":11,"minecraft:diamond_block":1,"minecraft:leather_helmet":1,"minecraft:spider_eye":9,"minecraft:mossy_cobblestone":6,"minecraft:cut_red_sandstone":1,"minecraft:bundle":5,"minecraft:diamond":14,"minecraft:lever":1,"minecraft:painting":1,"tombstone:magic_scroll":5,"orcz:ironscrap":2,"minecraft:netherrack":2,"minecraft:coal":49},"minecraft:used":{"minecraft:shield":88,"minecraft:iron_sword":274,"minecraft:sandstone_wall":3,"minecraft:netherrack":1,"minecraft:torch":255,"paraglider:goddess_statue":2,"minecraft:smooth_sandstone":1,"minecraft:stone_bricks":1,"minecraft:golden_sword":32,"minecraft:bow":133,"minecraft:furnace":1,"tombstone:gift":7,"minecraft:cooked_beef":67,"minecraft:orange_terracotta":1,"minecraft:cooked_mutton":1,"minecraft:water_bucket":3,"minecraft:red_nether_bricks":1,"minecraft:baked_potato":1,"minecraft:oak_planks":22,"minecraft:ender_pearl":3,"minecraft:sandstone":2,"minecraft:diamond_axe":152,"minecraft:golden_apple":11,"minecraft:crafting_table":1,"minecraft:mushroom_stew":1,"minecraft:white_bed":11,"minecraft:bread":38,"minecraft:cyan_carpet":1,"tombstone:grave_key":3,"minecraft:gravel":5,"minecraft:diamond_sword":533,"minecraft:cobblestone":4,"minecraft:potion":4,"untamedwilds:flora_bush_temperate":2,"minecraft:cooked_porkchop":10,"minecraft:bucket":3,"minecraft:sandstone_slab":1,"minecraft:pumpkin_pie":1,"minecraft:golden_pickaxe":164},"minecraft:killed":{"minecraft:cave_spider":8,"minecraft:spider":10,"minecraft:skeleton":54,"minecraft:silverfish":1,"orcz:squig":2,"orcz:orcsavagemace":4,"orcz:orcsavageweird":2,"minecraft:husk":41,"minecraft:pig":5,"orcz:goblinsavagemace":1,"hunters_return:hunter":2,"minecraft:creeper":1,"minecraft:pillager":5,"mutantmonsters:creeper_minion":4,"minecraft:zombie":37,"minecraft:stray":15,"orcz:bigorcboss":3,"mutantmonsters:mutant_creeper":2,"minecraft:wither_skeleton":3,"orcz:orcsavage_2sword":3,"orcz:goblin_2sword":1,"orcz:orcshield":3},"minecraft:broken":{"minecraft:iron_chestplate":1,"minecraft:iron_leggings":1,"minecraft:golden_sword":1,"minecraft:shield":1,"minecraft:chainmail_chestplate":1,"minecraft:iron_sword":1,"minecraft:bow":1}},"DataVersion":3465}