{
  "aquaculture:recipes/aquaculture/heavy_hook": {
    "criteria": {
      "has_items": "2024-06-27 04:12:06 +0000"
    },
    "done": true
  },
  "aquaculture:recipes/misc/neptunium_ingot_from_neptunium_block": {
    "criteria": {
      "has_items": "2024-06-27 04:12:06 +0000"
    },
    "done": true
  },
  "pfm:grant_book_on_first_join": {
    "criteria": {
      "tick": "2024-06-27 04:12:06 +0000"
    },
    "done": true
  },
  "aquaculture:recipes/decorations/acacia_fish_mount": {
    "criteria": {
      "has_items": "2024-06-27 04:12:06 +0000"
    },
    "done": true
  },
  "aquaculture:recipes/aquaculture/light_hook": {
    "criteria": {
      "has_items": "2024-06-27 04:12:06 +0000"
    },
    "done": true
  },
  "aquaculture:recipes/tools/iron_fishing_rod": {
    "criteria": {
      "has_vanilla_rod": "2024-06-27 04:12:06 +0000"
    },
    "done": true
  },
  "aquaculture:recipes/decorations/oak_fish_mount": {
    "criteria": {
      "has_items": "2024-06-27 04:12:06 +0000"
    },
    "done": true
  },
  "aquaculture:recipes/aquaculture/double_hook": {
    "criteria": {
      "has_items": "2024-06-27 04:12:06 +0000"
    },
    "done": true
  },
  "aquaculture:recipes/aquaculture/fishing_line": {
    "criteria": {
      "has_items": "2024-06-27 04:12:06 +0000"
    },
    "done": true
  },
  "aquaculture:recipes/aquaculture/iron_hook": {
    "criteria": {
      "has_items": "2024-06-27 04:12:06 +0000"
    },
    "done": true
  },
  "aquaculture:recipes/misc/jellyfish_to_slimeball": {
    "criteria": {
      "has_items": "2024-06-27 04:12:06 +0000"
    },
    "done": true
  },
  "aquaculture:recipes/tools/diamond_fishing_rod": {
    "criteria": {
      "has_vanilla_rod": "2024-06-27 04:12:06 +0000"
    },
    "done": true
  },
  "aquaculture:recipes/misc/tin_can_to_iron_nugget": {
    "criteria": {
      "has_items": "2024-06-27 04:12:06 +0000"
    },
    "done": true
  },
  "aquaculture:recipes/decorations/birch_fish_mount": {
    "criteria": {
      "has_items": "2024-06-27 04:12:06 +0000"
    },
    "done": true
  },
  "aquaculture:recipes/misc/iron_nugget_from_smelting": {
    "criteria": {
      "has_fishing_rod": "2024-06-27 04:12:06 +0000",
      "has_fillet_knife": "2024-06-27 04:12:06 +0000"
    },
    "done": true
  },
  "aquaculture:recipes/tools/golden_fishing_rod": {
    "criteria": {
      "has_vanilla_rod": "2024-06-27 04:12:06 +0000"
    },
    "done": true
  },
  "aquaculture:recipes/misc/gold_nugget_from_smelting": {
    "criteria": {
      "has_fishing_rod": "2024-06-27 04:12:06 +0000",
      "has_fillet_knife": "2024-06-27 04:12:06 +0000"
    },
    "done": true
  },
  "aquaculture:recipes/misc/bonemeal_from_fish_bones": {
    "criteria": {
      "has_items": "2024-06-27 04:12:06 +0000"
    },
    "done": true
  },
  "aquaculture:recipes/misc/brown_mushroom_from_fish": {
    "criteria": {
      "has_items": "2024-06-27 04:12:06 +0000"
    },
    "done": true
  },
  "aquaculture:recipes/misc/neptinium_ingot_from_blasting": {
    "criteria": {
      "has_leggings": "2024-06-27 04:12:06 +0000",
      "has_axe": "2024-06-27 04:12:06 +0000",
      "has_helmet": "2024-06-27 04:12:06 +0000",
      "has_fishing_rod": "2024-06-27 04:12:06 +0000",
      "has_bow": "2024-06-27 04:12:06 +0000",
      "has_chestplate": "2024-06-27 04:12:06 +0000",
      "has_sword": "2024-06-27 04:12:06 +0000",
      "has_fillet_knife": "2024-06-27 04:12:06 +0000",
      "has_shovel": "2024-06-27 04:12:06 +0000",
      "has_hoe": "2024-06-27 04:12:06 +0000",
      "has_boots": "2024-06-27 04:12:06 +0000",
      "has_pickaxe": "2024-06-27 04:12:06 +0000"
    },
    "done": true
  },
  "aquaculture:recipes/decorations/dark_oak_fish_mount": {
    "criteria": {
      "has_items": "2024-06-27 04:12:06 +0000"
    },
    "done": true
  },
  "aquaculture:recipes/aquaculture/diamond_hook": {
    "criteria": {
      "has_items": "2024-06-27 04:12:06 +0000"
    },
    "done": true
  },
  "aquaculture:recipes/food/sushi": {
    "criteria": {
      "has_alt_items": "2024-06-27 04:12:06 +0000",
      "has_items": "2024-06-27 04:12:06 +0000"
    },
    "done": true
  },
  "aquaculture:recipes/misc/red_mushroom_from_fish": {
    "criteria": {
      "has_items": "2024-06-27 04:12:06 +0000"
    },
    "done": true
  },
  "aquaculture:recipes/building_blocks/planks_from_driftwood": {
    "criteria": {
      "has_items": "2024-06-27 04:12:06 +0000"
    },
    "done": true
  },
  "aquaculture:recipes/aquaculture/worm_farm": {
    "criteria": {
      "has_items": "2024-06-27 04:12:06 +0000"
    },
    "done": true
  },
  "aquaculture:recipes/aquaculture/note_hook": {
    "criteria": {
      "has_items": "2024-06-27 04:12:06 +0000"
    },
    "done": true
  },
  "aquaculture:recipes/food/cooked_fish_fillet_from_campfire": {
    "criteria": {
      "has_items": "2024-06-27 04:12:06 +0000"
    },
    "done": true
  },
  "aquaculture:recipes/aquaculture/gold_hook": {
    "criteria": {
      "has_items": "2024-06-27 04:12:06 +0000"
    },
    "done": true
  },
  "aquaculture:recipes/decorations/spruce_fish_mount": {
    "criteria": {
      "has_items": "2024-06-27 04:12:06 +0000"
    },
    "done": true
  },
  "aquaculture:recipes/misc/tin_can_to_iron_nugget_from_blasting": {
    "criteria": {
      "has_items": "2024-06-27 04:12:06 +0000"
    },
    "done": true
  },
  "aquaculture:recipes/aquaculture/redstone_hook": {
    "criteria": {
      "has_items": "2024-06-27 04:12:06 +0000"
    },
    "done": true
  },
  "aquaculture:recipes/misc/gold_nugget_from_blasting": {
    "criteria": {
      "has_fishing_rod": "2024-06-27 04:12:06 +0000",
      "has_fillet_knife": "2024-06-27 04:12:06 +0000"
    },
    "done": true
  },
  "aquaculture:recipes/aquaculture/bobber": {
    "criteria": {
      "has_items": "2024-06-27 04:12:06 +0000"
    },
    "done": true
  },
  "aquaculture:recipes/misc/gold_nugget_from_gold_fish": {
    "criteria": {
      "has_items": "2024-06-27 04:12:06 +0000"
    },
    "done": true
  },
  "aquaculture:recipes/food/cooked_fish_fillet_from_smoking": {
    "criteria": {
      "has_items": "2024-06-27 04:12:06 +0000"
    },
    "done": true
  },
  "farmersdelight:main/root": {
    "criteria": {
      "seeds": "2024-06-27 04:12:06 +0000"
    },
    "done": true
  },
  "aquaculture:recipes/food/cooked_fish_fillet": {
    "criteria": {
      "has_items": "2024-06-27 04:12:06 +0000"
    },
    "done": true
  },
  "aquaculture:recipes/misc/neptunium_ingot_from_nuggets": {
    "criteria": {
      "has_items": "2024-06-27 04:12:06 +0000"
    },
    "done": true
  },
  "aquaculture:recipes/misc/iron_nugget_from_blasting": {
    "criteria": {
      "has_fishing_rod": "2024-06-27 04:12:06 +0000",
      "has_fillet_knife": "2024-06-27 04:12:06 +0000"
    },
    "done": true
  },
  "aquaculture:recipes/decorations/jungle_fish_mount": {
    "criteria": {
      "has_items": "2024-06-27 04:12:06 +0000"
    },
    "done": true
  },
  "minecraft:recipes/decorations/crafting_table": {
    "criteria": {
      "unlock_right_away": "2024-06-27 04:12:07 +0000"
    },
    "done": true
  },
  "orcz:orczchallenge": {
    "criteria": {
      "orczchallenge": "2024-06-27 04:12:07 +0000"
    },
    "done": true
  },
  "tombstone:adventure/root": {
    "criteria": {
      "auto": "2024-06-27 04:12:09 +0000"
    },
    "done": true
  },
  "minecraft:adventure/adventuring_time": {
    "criteria": {
      "minecraft:flower_forest": "2024-06-27 04:12:09 +0000"
    },
    "done": false
  },
  "biomesoplenty:biomesoplenty/root": {
    "criteria": {
      "rocky_shrubland": "2024-06-27 04:47:45 +0000"
    },
    "done": true
  },
  "biomesoplenty:biomesoplenty/all_biomes": {
    "criteria": {
      "rocky_shrubland": "2024-06-27 04:47:45 +0000",
      "highland": "2024-06-27 07:20:19 +0000",
      "coniferous_forest": "2024-06-27 07:20:10 +0000"
    },
    "done": false
  },
  "mca:root": {
    "criteria": {
      "village_plains": "2024-06-27 04:47:48 +0000"
    },
    "done": true
  },
  "ironchest:recipes/decorations/chests/vanilla_dirt_chest": {
    "criteria": {
      "has_iron_ingot": "2024-06-27 04:48:04 +0000"
    },
    "done": true
  },
  "alexsmobs:alexsmobs/root": {
    "criteria": {
      "useitem": "2024-06-27 04:48:13 +0000"
    },
    "done": true
  },
  "minecraft:husbandry/root": {
    "criteria": {
      "consumed_item": "2024-06-27 04:48:13 +0000"
    },
    "done": true
  },
  "minecraft:adventure/sleep_in_bed": {
    "criteria": {
      "slept_in_bed": "2024-06-27 04:52:44 +0000"
    },
    "done": true
  },
  "croptopia:recipes/misc/apple_juice": {
    "criteria": {
      "has_apple": "2024-06-27 04:54:50 +0000"
    },
    "done": true
  },
  "farmersdelight:recipes/cooking/apple_cider": {
    "criteria": {
      "has_apple": "2024-06-27 04:54:50 +0000"
    },
    "done": true
  },
  "croptopia:recipes/fruit_smoothie": {
    "criteria": {
      "has_fruit": "2024-06-27 04:54:50 +0000"
    },
    "done": true
  },
  "croptopia:recipes/misc/apple_sapling": {
    "criteria": {
      "has_apple": "2024-06-27 04:54:50 +0000"
    },
    "done": true
  },
  "croptopia:recipes/misc/apple_pie": {
    "criteria": {
      "has_apple": "2024-06-27 04:54:50 +0000"
    },
    "done": true
  },
  "croptopia:recipes/documentation": {
    "criteria": {
      "has_crop": "2024-06-27 04:54:50 +0000"
    },
    "done": true
  },
  "croptopia:recipes/fruit_salad": {
    "criteria": {
      "has_apple": "2024-06-27 04:54:50 +0000"
    },
    "done": true
  },
  "minecraft:husbandry/balanced_diet": {
    "criteria": {
      "apple": "2024-06-27 04:54:54 +0000"
    },
    "done": false
  },
  "pfm:recipes/furniture/dark_oak_white_simple_bed": {
    "criteria": {
      "has_bed": "2024-06-27 07:19:07 +0000"
    },
    "done": true
  },
  "pfm:recipes/furniture/bamboo_white_simple_bed": {
    "criteria": {
      "has_bed": "2024-06-27 07:19:07 +0000"
    },
    "done": true
  },
  "cfm:recipes/decorations/stripped_warped_kitchen_sink_light": {
    "criteria": {
      "has_bucket": "2024-06-27 07:20:35 +0000"
    },
    "done": true
  },
  "cfm:recipes/decorations/acacia_kitchen_sink_dark": {
    "criteria": {
      "has_bucket": "2024-06-27 07:20:35 +0000"
    },
    "done": true
  },
  "pfm:recipes/furniture/mangrove_white_simple_bed": {
    "criteria": {
      "has_bed": "2024-06-27 07:19:07 +0000"
    },
    "done": true
  },
  "pfm:recipes/furniture/willow_biomesoplenty_white_classic_bed": {
    "criteria": {
      "has_bed": "2024-06-27 07:19:07 +0000"
    },
    "done": true
  },
  "cfm:recipes/decorations/stripped_jungle_kitchen_sink_light": {
    "criteria": {
      "has_bucket": "2024-06-27 07:20:35 +0000"
    },
    "done": true
  },
  "cfm:recipes/decorations/magenta_kitchen_sink": {
    "criteria": {
      "has_bucket": "2024-06-27 07:20:35 +0000"
    },
    "done": true
  },
  "minecraft:recipes/decorations/chest": {
    "criteria": {
      "has_lots_of_items": "2024-06-27 07:20:37 +0000"
    },
    "done": true
  },
  "securitycraft:recipes/building_blocks/reinforced_packed_mud": {
    "criteria": {
      "has_wheat": "2024-06-27 07:20:33 +0000"
    },
    "done": true
  },
  "pfm:recipes/furniture/palm_biomesoplenty_white_simple_bed": {
    "criteria": {
      "has_bed": "2024-06-27 07:19:07 +0000"
    },
    "done": true
  },
  "cfm:recipes/decorations/white_kitchen_sink": {
    "criteria": {
      "has_bucket": "2024-06-27 07:20:35 +0000"
    },
    "done": true
  },
  "pfm:recipes/furniture/acacia_white_classic_bed": {
    "criteria": {
      "has_bed": "2024-06-27 07:19:07 +0000"
    },
    "done": true
  },
  "cfm:recipes/decorations/dark_oak_kitchen_sink_light": {
    "criteria": {
      "has_bucket": "2024-06-27 07:20:35 +0000"
    },
    "done": true
  },
  "pfm:recipes/furniture/rotten_betterarcheology_white_classic_bed": {
    "criteria": {
      "has_bed": "2024-06-27 07:19:07 +0000"
    },
    "done": true
  },
  "cfm:recipes/decorations/lime_kitchen_sink": {
    "criteria": {
      "has_bucket": "2024-06-27 07:20:35 +0000"
    },
    "done": true
  },
  "cfm:recipes/decorations/stripped_oak_kitchen_sink_dark": {
    "criteria": {
      "has_bucket": "2024-06-27 07:20:35 +0000"
    },
    "done": true
  },
  "cfm:recipes/decorations/black_kitchen_sink": {
    "criteria": {
      "has_bucket": "2024-06-27 07:20:35 +0000"
    },
    "done": true
  },
  "cfm:recipes/decorations/orange_kitchen_sink": {
    "criteria": {
      "has_bucket": "2024-06-27 07:20:35 +0000"
    },
    "done": true
  },
  "cfm:recipes/decorations/gray_kitchen_sink": {
    "criteria": {
      "has_bucket": "2024-06-27 07:20:35 +0000"
    },
    "done": true
  },
  "pfm:recipes/furniture/warped_white_classic_bed": {
    "criteria": {
      "has_bed": "2024-06-27 07:19:07 +0000"
    },
    "done": true
  },
  "cfm:recipes/decorations/blue_kitchen_sink": {
    "criteria": {
      "has_bucket": "2024-06-27 07:20:35 +0000"
    },
    "done": true
  },
  "pfm:recipes/furniture/fir_biomesoplenty_raw_table_log": {
    "criteria": {
      "has_log": "2024-06-27 07:21:58 +0000"
    },
    "done": true
  },
  "cfm:recipes/decorations/mangrove_kitchen_sink_light": {
    "criteria": {
      "has_bucket": "2024-06-27 07:20:35 +0000"
    },
    "done": true
  },
  "pfm:recipes/furniture/crimson_white_classic_bed": {
    "criteria": {
      "has_bed": "2024-06-27 07:19:07 +0000"
    },
    "done": true
  },
  "pfm:recipes/furniture/spruce_white_simple_bed": {
    "criteria": {
      "has_bed": "2024-06-27 07:19:07 +0000"
    },
    "done": true
  },
  "cfm:recipes/decorations/pink_kitchen_sink": {
    "criteria": {
      "has_bucket": "2024-06-27 07:20:35 +0000"
    },
    "done": true
  },
  "pfm:recipes/furniture/warped_white_simple_bed": {
    "criteria": {
      "has_bed": "2024-06-27 07:19:07 +0000"
    },
    "done": true
  },
  "cfm:recipes/decorations/mangrove_kitchen_sink_dark": {
    "criteria": {
      "has_bucket": "2024-06-27 07:20:35 +0000"
    },
    "done": true
  },
  "pfm:recipes/furniture/umbran_biomesoplenty_white_simple_bed": {
    "criteria": {
      "has_bed": "2024-06-27 07:19:07 +0000"
    },
    "done": true
  },
  "naturescompass:natures_compass_sapling": {
    "criteria": {
      "has_recipe": "2024-06-27 07:21:58 +0000"
    },
    "done": true
  },
  "biomesoplenty:recipes/building_blocks/fir_wood": {
    "criteria": {
      "has_log": "2024-06-27 07:21:58 +0000"
    },
    "done": true
  },
  "pfm:recipes/furniture/oak_white_simple_bed": {
    "criteria": {
      "has_bed": "2024-06-27 07:19:07 +0000"
    },
    "done": true
  },
  "cfm:recipes/decorations/yellow_kitchen_sink": {
    "criteria": {
      "has_bucket": "2024-06-27 07:20:35 +0000"
    },
    "done": true
  },
  "minecraft:recipes/misc/firework_rocket_simple": {
    "criteria": {
      "has_gunpowder": "2024-06-27 07:20:31 +0000"
    },
    "done": true
  },
  "farmersdelight:recipes/food/pie_crust": {
    "criteria": {
      "has_wheat": "2024-06-27 07:20:33 +0000"
    },
    "done": true
  },
  "pfm:recipes/furniture/jacaranda_biomesoplenty_white_simple_bed": {
    "criteria": {
      "has_bed": "2024-06-27 07:19:07 +0000"
    },
    "done": true
  },
  "pfm:recipes/furniture/jungle_white_simple_bed": {
    "criteria": {
      "has_bed": "2024-06-27 07:19:07 +0000"
    },
    "done": true
  },
  "pfm:recipes/furniture/fir_biomesoplenty_kitchen_cabinet": {
    "criteria": {
      "has_planks": "2024-06-27 07:21:58 +0000"
    },
    "done": true
  },
  "pfm:recipes/furniture/rotten_betterarcheology_white_simple_bed": {
    "criteria": {
      "has_bed": "2024-06-27 07:19:07 +0000"
    },
    "done": true
  },
  "cfm:recipes/decorations/cyan_kitchen_sink": {
    "criteria": {
      "has_bucket": "2024-06-27 07:20:35 +0000"
    },
    "done": true
  },
  "pfm:recipes/furniture/hellbark_biomesoplenty_white_simple_bed": {
    "criteria": {
      "has_bed": "2024-06-27 07:19:07 +0000"
    },
    "done": true
  },
  "cfm:recipes/decorations/stripped_dark_oak_kitchen_sink_dark": {
    "criteria": {
      "has_bucket": "2024-06-27 07:20:35 +0000"
    },
    "done": true
  },
  "pfm:recipes/furniture/willow_biomesoplenty_white_simple_bed": {
    "criteria": {
      "has_bed": "2024-06-27 07:19:07 +0000"
    },
    "done": true
  },
  "pfm:recipes/furniture/birch_white_classic_bed": {
    "criteria": {
      "has_bed": "2024-06-27 07:19:07 +0000"
    },
    "done": true
  },
  "cfm:recipes/decorations/stripped_crimson_kitchen_sink_light": {
    "criteria": {
      "has_bucket": "2024-06-27 07:20:35 +0000"
    },
    "done": true
  },
  "pfm:recipes/furniture/thornwood_alexscaves_white_simple_bed": {
    "criteria": {
      "has_bed": "2024-06-27 07:19:07 +0000"
    },
    "done": true
  },
  "farmersdelight:recipes/food/wheat_dough_from_eggs": {
    "criteria": {
      "has_wheat": "2024-06-27 07:20:33 +0000"
    },
    "done": true
  },
  "cfm:recipes/decorations/stripped_birch_kitchen_sink_dark": {
    "criteria": {
      "has_bucket": "2024-06-27 07:20:35 +0000"
    },
    "done": true
  },
  "cfm:recipes/decorations/stripped_dark_oak_kitchen_sink_light": {
    "criteria": {
      "has_bucket": "2024-06-27 07:20:35 +0000"
    },
    "done": true
  },
  "cfm:recipes/decorations/warped_kitchen_sink_dark": {
    "criteria": {
      "has_bucket": "2024-06-27 07:20:35 +0000"
    },
    "done": true
  },
  "cfm:recipes/decorations/crimson_kitchen_sink_light": {
    "criteria": {
      "has_bucket": "2024-06-27 07:20:35 +0000"
    },
    "done": true
  },
  "cfm:recipes/decorations/stripped_jungle_kitchen_sink_dark": {
    "criteria": {
      "has_bucket": "2024-06-27 07:20:35 +0000"
    },
    "done": true
  },
  "pfm:recipes/furniture/dead_biomesoplenty_white_simple_bed": {
    "criteria": {
      "has_bed": "2024-06-27 07:19:07 +0000"
    },
    "done": true
  },
  "pfm:recipes/furniture/fir_biomesoplenty_white_classic_bed": {
    "criteria": {
      "has_bed": "2024-06-27 07:19:07 +0000"
    },
    "done": true
  },
  "pfm:recipes/furniture/oak_white_classic_bed": {
    "criteria": {
      "has_bed": "2024-06-27 07:19:07 +0000"
    },
    "done": true
  },
  "pfm:recipes/furniture/fir_biomesoplenty_white_simple_bed": {
    "criteria": {
      "has_bed": "2024-06-27 07:19:07 +0000"
    },
    "done": true
  },
  "minecraft:recipes/misc/bone_meal": {
    "criteria": {
      "has_bone": "2024-06-27 07:20:37 +0000"
    },
    "done": true
  },
  "pfm:recipes/furniture/orc_wood_orcz_white_simple_bed": {
    "criteria": {
      "has_bed": "2024-06-27 07:19:07 +0000"
    },
    "done": true
  },
  "cfm:recipes/decorations/stripped_mangrove_kitchen_sink_light": {
    "criteria": {
      "has_bucket": "2024-06-27 07:20:35 +0000"
    },
    "done": true
  },
  "pfm:recipes/furniture/orc_wood_orcz_white_classic_bed": {
    "criteria": {
      "has_bed": "2024-06-27 07:19:07 +0000"
    },
    "done": true
  },
  "pfm:recipes/furniture/hellbark_biomesoplenty_white_classic_bed": {
    "criteria": {
      "has_bed": "2024-06-27 07:19:07 +0000"
    },
    "done": true
  },
  "pfm:recipes/furniture/mangrove_white_classic_bed": {
    "criteria": {
      "has_bed": "2024-06-27 07:19:07 +0000"
    },
    "done": true
  },
  "pfm:recipes/furniture/mahogany_biomesoplenty_white_simple_bed": {
    "criteria": {
      "has_bed": "2024-06-27 07:19:07 +0000"
    },
    "done": true
  },
  "pfm:recipes/furniture/fir_biomesoplenty_kitchen_wall_small_drawer": {
    "criteria": {
      "has_planks": "2024-06-27 07:21:58 +0000"
    },
    "done": true
  },
  "farmersdelight:recipes/cooking/bone_broth": {
    "criteria": {
      "has_bone": "2024-06-27 07:20:37 +0000"
    },
    "done": true
  },
  "pfm:recipes/furniture/cherry_white_simple_bed": {
    "criteria": {
      "has_bed": "2024-06-27 07:19:07 +0000"
    },
    "done": true
  },
  "pfm:recipes/furniture/fir_biomesoplenty_kitchen_counter": {
    "criteria": {
      "has_planks": "2024-06-27 07:21:58 +0000"
    },
    "done": true
  },
  "pfm:recipes/furniture/magic_biomesoplenty_white_classic_bed": {
    "criteria": {
      "has_bed": "2024-06-27 07:19:07 +0000"
    },
    "done": true
  },
  "pfm:recipes/furniture/fir_biomesoplenty_kitchen_wall_counter": {
    "criteria": {
      "has_planks": "2024-06-27 07:21:58 +0000"
    },
    "done": true
  },
  "pfm:recipes/furniture/acacia_white_simple_bed": {
    "criteria": {
      "has_bed": "2024-06-27 07:19:07 +0000"
    },
    "done": true
  },
  "pfm:recipes/furniture/mahogany_biomesoplenty_white_classic_bed": {
    "criteria": {
      "has_bed": "2024-06-27 07:19:07 +0000"
    },
    "done": true
  },
  "pfm:recipes/furniture/palm_biomesoplenty_white_classic_bed": {
    "criteria": {
      "has_bed": "2024-06-27 07:19:07 +0000"
    },
    "done": true
  },
  "cfm:recipes/decorations/jungle_kitchen_sink_dark": {
    "criteria": {
      "has_bucket": "2024-06-27 07:20:35 +0000"
    },
    "done": true
  },
  "cfm:recipes/decorations/brown_kitchen_sink": {
    "criteria": {
      "has_bucket": "2024-06-27 07:20:35 +0000"
    },
    "done": true
  },
  "cfm:recipes/decorations/stripped_warped_kitchen_sink_dark": {
    "criteria": {
      "has_bucket": "2024-06-27 07:20:35 +0000"
    },
    "done": true
  },
  "cfm:recipes/decorations/spruce_kitchen_sink_light": {
    "criteria": {
      "has_bucket": "2024-06-27 07:20:35 +0000"
    },
    "done": true
  },
  "cfm:recipes/decorations/stripped_mangrove_kitchen_sink_dark": {
    "criteria": {
      "has_bucket": "2024-06-27 07:20:35 +0000"
    },
    "done": true
  },
  "cfm:recipes/decorations/diving_board": {
    "criteria": {
      "has_wheat": "2024-06-27 07:20:33 +0000"
    },
    "done": true
  },
  "naturescompass:natures_compass": {
    "criteria": {
      "has_recipe": "2024-06-27 07:21:58 +0000"
    },
    "done": true
  },
  "cfm:recipes/decorations/oak_kitchen_sink_dark": {
    "criteria": {
      "has_bucket": "2024-06-27 07:20:35 +0000"
    },
    "done": true
  },
  "pfm:recipes/furniture/jungle_white_classic_bed": {
    "criteria": {
      "has_bed": "2024-06-27 07:19:07 +0000"
    },
    "done": true
  },
  "pfm:recipes/furniture/umbran_biomesoplenty_white_classic_bed": {
    "criteria": {
      "has_bed": "2024-06-27 07:19:07 +0000"
    },
    "done": true
  },
  "minecraft:recipes/food/bread": {
    "criteria": {
      "has_wheat": "2024-06-27 07:20:33 +0000"
    },
    "done": true
  },
  "pfm:recipes/furniture/spruce_white_classic_bed": {
    "criteria": {
      "has_bed": "2024-06-27 07:19:07 +0000"
    },
    "done": true
  },
  "pfm:recipes/furniture/jacaranda_biomesoplenty_white_classic_bed": {
    "criteria": {
      "has_bed": "2024-06-27 07:19:07 +0000"
    },
    "done": true
  },
  "minecraft:recipes/building_blocks/hay_block": {
    "criteria": {
      "has_wheat": "2024-06-27 07:20:33 +0000"
    },
    "done": true
  },
  "minecraft:recipes/redstone/target": {
    "criteria": {
      "has_hay_block": "2024-06-27 07:17:48 +0000"
    },
    "done": true
  },
  "cfm:recipes/decorations/purple_kitchen_sink": {
    "criteria": {
      "has_bucket": "2024-06-27 07:20:35 +0000"
    },
    "done": true
  },
  "cfm:recipes/decorations/acacia_kitchen_sink_light": {
    "criteria": {
      "has_bucket": "2024-06-27 07:20:35 +0000"
    },
    "done": true
  },
  "pfm:recipes/furniture/dark_oak_white_classic_bed": {
    "criteria": {
      "has_bed": "2024-06-27 07:19:07 +0000"
    },
    "done": true
  },
  "cfm:recipes/decorations/stripped_spruce_kitchen_sink_light": {
    "criteria": {
      "has_bucket": "2024-06-27 07:20:35 +0000"
    },
    "done": true
  },
  "cfm:recipes/decorations/spruce_kitchen_sink_dark": {
    "criteria": {
      "has_bucket": "2024-06-27 07:20:35 +0000"
    },
    "done": true
  },
  "cfm:recipes/decorations/stripped_acacia_kitchen_sink_dark": {
    "criteria": {
      "has_bucket": "2024-06-27 07:20:35 +0000"
    },
    "done": true
  },
  "minecraft:recipes/misc/charcoal": {
    "criteria": {
      "has_log": "2024-06-27 07:21:58 +0000"
    },
    "done": true
  },
  "cfm:recipes/decorations/stripped_acacia_kitchen_sink_light": {
    "criteria": {
      "has_bucket": "2024-06-27 07:20:35 +0000"
    },
    "done": true
  },
  "naturescompass:natures_compass_log": {
    "criteria": {
      "has_log": "2024-06-27 07:21:58 +0000"
    },
    "done": true
  },
  "pfm:recipes/furniture/fir_biomesoplenty_log_stool": {
    "criteria": {
      "has_log": "2024-06-27 07:21:58 +0000"
    },
    "done": true
  },
  "cfm:recipes/decorations/birch_kitchen_sink_light": {
    "criteria": {
      "has_bucket": "2024-06-27 07:20:35 +0000"
    },
    "done": true
  },
  "pfm:recipes/furniture/dead_biomesoplenty_white_classic_bed": {
    "criteria": {
      "has_bed": "2024-06-27 07:19:07 +0000"
    },
    "done": true
  },
  "pfm:recipes/furniture/fir_biomesoplenty_kitchen_sink": {
    "criteria": {
      "has_planks": "2024-06-27 07:21:58 +0000"
    },
    "done": true
  },
  "cfm:recipes/decorations/birch_kitchen_sink_dark": {
    "criteria": {
      "has_bucket": "2024-06-27 07:20:35 +0000"
    },
    "done": true
  },
  "croptopia:recipes/flour": {
    "criteria": {
      "has_grain": "2024-06-27 07:20:33 +0000"
    },
    "done": true
  },
  "pfm:recipes/furniture/cherry_white_classic_bed": {
    "criteria": {
      "has_bed": "2024-06-27 07:19:07 +0000"
    },
    "done": true
  },
  "biomesoplenty:recipes/building_blocks/fir_planks": {
    "criteria": {
      "has_logs": "2024-06-27 07:21:58 +0000"
    },
    "done": true
  },
  "securitycraft:recipes/misc/sc_manual": {
    "criteria": {
      "has_wood": "2024-06-27 07:21:58 +0000"
    },
    "done": true
  },
  "cfm:recipes/decorations/door_mat": {
    "criteria": {
      "has_wheat": "2024-06-27 07:20:33 +0000"
    },
    "done": true
  },
  "cfm:recipes/decorations/green_kitchen_sink": {
    "criteria": {
      "has_bucket": "2024-06-27 07:20:35 +0000"
    },
    "done": true
  },
  "cfm:recipes/decorations/stripped_crimson_kitchen_sink_dark": {
    "criteria": {
      "has_bucket": "2024-06-27 07:20:35 +0000"
    },
    "done": true
  },
  "pfm:recipes/furniture/redwood_biomesoplenty_white_simple_bed": {
    "criteria": {
      "has_bed": "2024-06-27 07:19:07 +0000"
    },
    "done": true
  },
  "pfm:recipes/furniture/birch_white_simple_bed": {
    "criteria": {
      "has_bed": "2024-06-27 07:19:07 +0000"
    },
    "done": true
  },
  "cfm:recipes/decorations/dark_oak_kitchen_sink_dark": {
    "criteria": {
      "has_bucket": "2024-06-27 07:20:35 +0000"
    },
    "done": true
  },
  "farmersdelight:recipes/food/wheat_dough_from_water": {
    "criteria": {
      "has_wheat": "2024-06-27 07:20:33 +0000"
    },
    "done": true
  },
  "pfm:recipes/furniture/pewen_alexscaves_white_simple_bed": {
    "criteria": {
      "has_bed": "2024-06-27 07:19:07 +0000"
    },
    "done": true
  },
  "cfm:recipes/decorations/jungle_kitchen_sink_light": {
    "criteria": {
      "has_bucket": "2024-06-27 07:20:35 +0000"
    },
    "done": true
  },
  "cfm:recipes/decorations/light_gray_kitchen_sink": {
    "criteria": {
      "has_bucket": "2024-06-27 07:20:35 +0000"
    },
    "done": true
  },
  "pfm:recipes/furniture/fir_biomesoplenty_kitchen_counter_oven": {
    "criteria": {
      "has_planks": "2024-06-27 07:21:58 +0000"
    },
    "done": true
  },
  "pfm:recipes/furniture/crimson_white_simple_bed": {
    "criteria": {
      "has_bed": "2024-06-27 07:19:07 +0000"
    },
    "done": true
  },
  "pfm:recipes/furniture/redwood_biomesoplenty_white_classic_bed": {
    "criteria": {
      "has_bed": "2024-06-27 07:19:07 +0000"
    },
    "done": true
  },
  "pfm:recipes/furniture/magic_biomesoplenty_white_simple_bed": {
    "criteria": {
      "has_bed": "2024-06-27 07:19:07 +0000"
    },
    "done": true
  },
  "pfm:recipes/furniture/fir_biomesoplenty_kitchen_wall_drawer": {
    "criteria": {
      "has_planks": "2024-06-27 07:21:58 +0000"
    },
    "done": true
  },
  "cfm:recipes/decorations/warped_kitchen_sink_light": {
    "criteria": {
      "has_bucket": "2024-06-27 07:20:35 +0000"
    },
    "done": true
  },
  "pfm:recipes/furniture/pewen_alexscaves_white_classic_bed": {
    "criteria": {
      "has_bed": "2024-06-27 07:19:07 +0000"
    },
    "done": true
  },
  "cfm:recipes/decorations/stripped_birch_kitchen_sink_light": {
    "criteria": {
      "has_bucket": "2024-06-27 07:20:35 +0000"
    },
    "done": true
  },
  "pfm:recipes/furniture/thornwood_alexscaves_white_classic_bed": {
    "criteria": {
      "has_bed": "2024-06-27 07:19:07 +0000"
    },
    "done": true
  },
  "cfm:recipes/decorations/crimson_kitchen_sink_dark": {
    "criteria": {
      "has_bucket": "2024-06-27 07:20:35 +0000"
    },
    "done": true
  },
  "cfm:recipes/decorations/stripped_oak_kitchen_sink_light": {
    "criteria": {
      "has_bucket": "2024-06-27 07:20:35 +0000"
    },
    "done": true
  },
  "cfm:recipes/decorations/oak_kitchen_sink_light": {
    "criteria": {
      "has_bucket": "2024-06-27 07:20:35 +0000"
    },
    "done": true
  },
  "pfm:recipes/furniture/fir_biomesoplenty_kitchen_drawer": {
    "criteria": {
      "has_planks": "2024-06-27 07:21:58 +0000"
    },
    "done": true
  },
  "pfm:recipes/furniture/bamboo_white_classic_bed": {
    "criteria": {
      "has_bed": "2024-06-27 07:19:07 +0000"
    },
    "done": true
  },
  "minecraft:recipes/misc/wheat": {
    "criteria": {
      "has_hay_block": "2024-06-27 07:17:48 +0000"
    },
    "done": true
  },
  "cfm:recipes/decorations/light_blue_kitchen_sink": {
    "criteria": {
      "has_bucket": "2024-06-27 07:20:35 +0000"
    },
    "done": true
  },
  "minecraft:recipes/redstone/tnt": {
    "criteria": {
      "has_gunpowder": "2024-06-27 07:20:31 +0000"
    },
    "done": true
  },
  "cfm:recipes/decorations/red_kitchen_sink": {
    "criteria": {
      "has_bucket": "2024-06-27 07:20:35 +0000"
    },
    "done": true
  },
  "cfm:recipes/decorations/stripped_spruce_kitchen_sink_dark": {
    "criteria": {
      "has_bucket": "2024-06-27 07:20:35 +0000"
    },
    "done": true
  },
  "DataVersion": 3465
}